Time [s],Motor speed [rpm],Torque [Nm],Supply current [A],Winding temperature [°C]
0,599.49,3.182,2.508,35.03
0.1,603.53,3.147,2.793,35.11
0.2,604.85,3.284,2.958,35.15
0.3,606.56,3.346,2.452,35.24
0.4,604.69,2.991,2.681,35.34
0.5,607.62,2.816,2.44,35.35
0.6,607.51,2.889,2.438,35.4
0.7,605.55,2.687,2.791,35.52
0.8,605.32,2.802,2.775,35.61
0.9,600.71,3.151,2.548,35.66
1,600.53,3.195,2.459,35.74
1.1,600.03,3.417,2.828,35.84
1.2,598.32,3.366,2.789,35.87
1.3,597.55,2.944,2.472,35.94
1.4,595.6,3.045,2.814,36.01
1.5,595.34,2.87,2.811,36.03
1.6,595.11,2.847,2.884,36.14
1.7,594.73,2.74,2.627,36.17
1.8,595.64,3.014,2.675,36.3
1.9,597.59,3.323,2.681,36.38
2,599.46,3.176,2.742,36.4
2.1,598.63,3.278,2.46,36.48
2.2,599.95,2.911,2.573,36.56
2.3,603.36,2.988,2.813,36.66
2.4,603.08,2.783,2.765,36.73
2.5,605.45,2.776,2.486,36.77
2.6,605.86,2.628,2.735,36.8
2.7,604.71,2.851,2.364,36.92
2.8,604.11,3.172,2.715,36.95
2.9,605.06,3.307,2.462,37.04
3,604,3.392,2.52,37.14
3.1,598.83,3.043,2.897,37.2
3.2,598.56,2.757,2.566,37.22
3.3,597.54,2.694,2.462,37.27
3.4,593.99,2.524,2.574,37.33
3.5,594.76,2.853,2.741,37.4
3.6,594.34,3.163,2.914,37.52
3.7,594.41,3.395,2.983,37.62
3.8,593.24,3.471,2.666,37.64
3.9,595.2,3.226,2.739,37.68
4,598.72,3.04,2.874,37.74
4.1,597.98,2.687,2.62,37.86
4.2,602.05,2.803,2.909,37.9
4.3,600.14,2.556,2.606,37.97
4.4,601.95,2.916,2.567,38.06
4.5,603.62,3.187,2.561,38.05
4.6,607.22,3.25,2.675,38.12
4.7,604.7,3.168,2.775,38.25
4.8,604.09,3.439,2.871,38.3
4.9,606.79,3.249,2.824,38.31
5,605.07,2.816,2.715,38.42
5.1,600.45,2.774,2.84,38.43
5.2,598.82,2.861,2.752,38.48
5.3,600.69,2.943,2.868,38.53
5.4,596.82,2.881,2.503,38.68
5.5,594.25,3.323,2.755,38.67
5.6,592.74,3.48,3.027,38.76
5.7,595.36,3.114,2.615,38.85
5.8,595.09,3.088,2.906,38.88
5.9,592.53,2.904,2.668,38.91
6,595.3,2.895,2.519,38.97
6.1,595.04,2.542,2.26,39.1
6.2,596.87,2.645,2.878,39.08
6.3,601.37,3.223,2.548,39.19
6.4,600.57,3.275,2.943,39.24
6.5,605.07,3.36,2.601,39.33
6.6,604.64,3.271,2.613,39.31
6.7,605.64,3.213,2.811,39.43
6.8,604.8,2.736,2.471,39.46
6.9,606.5,2.907,2.405,39.53
7,604.28,2.599,2.724,39.55
7.1,601.93,2.683,2.594,39.63
7.2,603.53,2.902,2.859,39.72
7.3,602.24,3.208,2.735,39.74
7.4,597.14,3.406,2.699,39.86
7.5,598.08,3.077,2.898,39.9
7.6,595.42,3.229,2.66,39.88
7.7,593.54,3.011,2.868,39.97
7.8,593.15,2.646,2.324,40.08
7.9,594.96,2.67,2.836,40.08
8,595.14,2.848,2.909,40.19
8.1,597.27,2.872,2.406,40.19
8.2,595.35,3.073,2.535,40.3
8.3,599.03,3.186,2.796,40.31
8.4,601.21,3.286,2.98,40.37
8.5,600.57,2.91,2.798,40.42
8.6,605.23,2.909,2.667,40.43
8.7,604.25,2.724,2.602,40.54
8.8,605.89,2.856,2.921,40.58
8.9,606.54,2.788,2.65,40.66
9,606.39,2.972,2.626,40.68
9.1,605.19,3.144,2.427,40.73
9.2,602,3.476,2.714,40.76
9.3,603.63,3.394,2.873,40.86
9.4,598.72,3.184,2.45,40.87
9.5,598.09,2.91,2.86,40.99
9.6,596.12,2.831,2.531,41
9.7,594.3,2.771,2.353,41.03
9.8,596.11,2.895,2.571,41.12
9.9,592.95,3.054,2.602,41.14
10,898.87,78.937,19.269,41.22
10.1,913.85,76.76,19.055,41.29
10.2,923.67,76.845,19.103,41.34
10.3,934.21,79.322,19.458,41.38
10.4,946.04,78.248,19.254,41.46
10.5,962.69,76.582,19.028,41.5
10.6,971.41,78.577,19.034,41.5
10.7,980.09,79.773,19.409,41.61
10.8,996.18,77.664,18.804,41.63
10.9,1009.77,78.24,18.959,41.75
11,1021.28,80.44,19.785,41.77
11.1,1028.48,78.486,19.079,41.83
11.2,1044.49,77.894,19.392,41.86
11.3,1055.92,80.643,19.743,41.89
11.4,1066.13,78.637,19.084,41.98
11.5,1079.57,77.769,19.024,42.07
11.6,1093.09,80.042,19.761,42.07
11.7,1102.63,80.537,19.858,42.1
11.8,1114.02,77.62,18.804,42.23
11.9,1127.49,78.966,19.618,42.22
12,1136.03,80.9,19.727,42.32
12.1,1155.88,78.849,19.243,42.37
12.2,1161.49,79.275,19.628,42.36
12.3,1172.71,80.913,19.955,42.44
12.4,1186.62,79.855,19.566,42.5
12.5,1200.73,78.877,19.636,42.53
12.6,1209.68,80.898,19.783,42.57
12.7,1225.54,81.117,19.786,42.67
12.8,1235.42,79.32,19.641,42.7
12.9,1247.92,80.516,19.783,42.76
13,1259.79,81.291,19.65,42.87
13.1,1268.68,79.237,19.193,42.86
13.2,1281.26,80.431,19.699,42.91
13.3,1296.32,82.017,20.263,43.02
13.4,1308.8,80.321,19.401,43.05
13.5,1317.54,79.659,19.261,43.08
13.6,1331.11,81.779,20.153,43.16
13.7,1347.79,81.392,19.666,43.19
13.8,1355.42,79.348,19.266,43.32
13.9,1370.4,80.957,19.685,43.3
14,1379.2,82.248,20.348,43.44
14.1,1395.19,79.756,19.812,43.44
14.2,1407.11,81.031,19.87,43.51
14.3,1412.79,82.97,20.521,43.59
14.4,1424.07,81.807,20.214,43.6
14.5,1442.51,80.12,19.471,43.73
14.6,1455,82.537,20.146,43.74
14.7,1465.59,82.216,20.322,43.82
14.8,1473.86,80.222,19.403,43.88
14.9,1486.83,83.071,19.995,43.95
15,1499.26,83.558,20.364,43.96
15.1,1509.17,81.334,19.862,44.07
15.2,1520.01,82.615,20.251,44.12
15.3,1539.1,84.068,20.524,44.12
15.4,1550.61,81.884,19.905,44.23
15.5,1560.36,81.859,19.979,44.25
15.6,1575.53,83.555,20.293,44.31
15.7,1583.87,83.019,20.505,44.44
15.8,1594.49,81.672,20.25,44.43
15.9,1610.26,83.575,20.134,44.53
16,1621.29,83.838,20.458,44.58
16.1,1633.8,82.137,20.171,44.68
16.2,1642.98,83.085,20.303,44.74
16.3,1659.54,85.038,20.513,44.74
16.4,1669.04,82.847,20.304,44.84
16.5,1682.22,82.721,20.165,44.88
16.6,1688.82,85.179,20.723,44.92
16.7,1705.86,83.238,20.125,45.05
16.8,1717.37,82.731,19.996,45.1
16.9,1726.29,84.931,20.764,45.1
17,1740.11,84.387,20.606,45.18
17.1,1754.35,82.182,19.869,45.3
17.2,1765.19,84.196,20.505,45.28
17.3,1774.87,85.976,20.645,45.37
17.4,1785.17,83.106,20.111,45.4
17.5,1803.79,83.426,20.52,45.47
17.6,1811.16,85.727,20.767,45.54
17.7,1827.27,83.654,20.235,45.59
17.8,1835.6,83.086,20.158,45.64
17.9,1851.19,85.45,21.032,45.77
18,1858.55,84.671,20.651,45.84
18.1,1875.86,83.416,20.608,45.84
18.2,1886.84,84.654,20.711,45.94
18.3,1892.9,85.633,20.802,46.04
18.4,1908.29,83.956,20.678,46.08
18.5,1918.21,85.107,20.883,46.1
18.6,1928.91,86.512,20.94,46.14
18.7,1944.42,84.211,20.468,46.22
18.8,1957.59,84.37,20.524,46.35
18.9,1966.11,86.891,20.828,46.37
19,1983.65,85.553,20.721,46.47
19.1,1989.54,83.58,20.455,46.46
19.2,2006.12,85.775,20.904,46.54
19.3,2013.54,86.48,21.112,46.66
19.4,2025.14,84.744,20.584,46.64
19.5,2043.83,85.464,20.525,46.72
19.6,2048.71,86.705,21.05,46.76
19.7,2065.98,85.672,20.559,46.83
19.8,2073.4,84.518,20.418,46.97
19.9,2088.27,87.267,21.484,47
20,2100.1,86.739,20.847,47.01
20.1,2112.72,84.742,20.896,47.06
20.2,2123.1,86.441,20.748,47.2
20.3,2137.65,87.794,21.441,47.22
20.4,2148.67,84.77,20.607,47.32
20.5,2159.81,86.472,21.098,47.36
20.6,2169.04,87.93,21.585,47.41
20.7,2180.81,85.341,20.478,47.48
20.8,2193.9,85.293,20.594,47.49
20.9,2209.91,87.468,21.484,47.57
21,2217.67,86.151,21.197,47.61
21.1,2231.12,85.993,20.639,47.71
21.2,2240.26,87.524,21.276,47.72
21.3,2252.82,88.231,21.261,47.77
21.4,2267.96,85.071,20.851,47.86
21.5,2281.74,87.587,20.975,47.96
21.6,2290.77,88.016,21.281,48.02
21.7,2307.51,86.141,20.823,48.1
21.8,2318.69,86.876,20.916,48.11
21.9,2325.13,88.995,21.28,48.18
22,2340.77,87.166,20.935,48.21
22.1,2354.63,85.673,21.105,48.26
22.2,2363.83,88.201,21.596,48.29
22.3,2377.79,88.584,21.694,48.4
22.4,2391.11,86.657,21.241,48.44
22.5,2399.82,88.037,21.292,48.48
22.6,2409.47,88.275,21.576,48.56
22.7,2427.7,86.635,21.255,48.64
22.8,2434.21,87.769,21.404,48.7
22.9,2445.13,88.78,21.365,48.77
23,2459.37,87.294,21.323,48.76
23.1,2474.21,87.027,21.209,48.86
23.2,2487.07,89.305,21.516,48.93
23.3,2493.77,87.921,21.639,48.93
23.4,2506.8,86.796,21.298,48.96
23.5,2520.6,89.161,21.448,49.07
23.6,2528.21,89.429,21.857,49.07
23.7,2542.91,87.483,21.082,49.13
23.8,2555.04,87.491,21.414,49.2
23.9,2565.21,89.946,21.932,49.31
24,2579.46,88.187,21.668,49.34
24.1,2593,87.08,21.389,49.33
24.2,2601.74,90.088,21.716,49.4
24.3,2614.11,88.638,21.469,49.47
24.4,2629.49,87.481,21.227,49.5
24.5,2636.57,89.568,21.945,49.61
24.6,2648.43,89.31,21.624,49.64
24.7,2665.71,87.38,21.453,49.71
24.8,2674.67,88.72,21.552,49.74
24.9,2691.33,90.398,21.698,49.77
25,2696.68,87.912,21.061,49.77
25.1,2715.52,88.028,21.565,49.85
25.2,2723.07,89.842,21.728,49.9
25.3,2733.08,88.244,21.396,49.92
25.4,2744.07,87.346,21.253,49.99
25.5,2756.16,90.12,21.623,50.03
25.6,2775.24,90.019,22.083,50.12
25.7,2784.63,88.073,21.651,50.14
25.8,2793.57,88.612,21.284,50.21
25.9,2805.23,90.7,21.898,50.24
26,2817.79,87.983,21.395,50.32
26.1,2829.45,88.134,21.397,50.39
26.2,2840.91,90.358,21.874,50.37
26.3,2856.38,88.525,21.321,50.44
26.4,2867.97,88.18,21.195,50.46
26.5,2883.56,90.033,22.103,50.55
26.6,2889.58,89.147,21.699,50.54
26.7,2900.21,87.571,21.157,50.62
26.8,2915.77,89.695,21.499,50.63
26.9,2931.01,90.307,21.975,50.73
27,2942.21,87.938,21.472,50.76
27.1,2949.55,88.791,21.391,50.8
27.2,2966.54,90.278,21.799,50.88
27.3,2974.29,88.739,21.778,50.86
27.4,2990.3,88.804,21.502,50.95
27.5,2998.26,91.156,22.285,50.97
27.6,3010.63,89.24,21.431,51.02
27.7,3025.41,88.452,21.463,51.06
27.8,3036.44,89.442,21.69,51.15
27.9,3048.8,90.293,21.569,51.18
28,3057.06,87.757,21.375,51.16
28.1,3069.32,89.061,21.847,51.21
28.2,3084.56,90.588,22.109,51.27
28.3,3096.35,88.479,21.426,51.3
28.4,3106.26,88.169,21.393,51.42
28.5,3120.13,90.943,22.003,51.38
28.6,3133.42,90,21.653,51.51
28.7,3147.33,87.854,21.48,51.5
28.8,3159.57,89.879,21.721,51.55
28.9,3167.77,90.438,22.058,51.59
29,3177.6,88.157,21.357,51.63
29.1,3188.16,90.113,21.635,51.65
29.2,3203.76,91.507,21.989,51.68
29.3,3214.19,89.204,21.486,51.74
29.4,3229.44,88.797,21.796,51.81
29.5,3242.82,90.664,21.992,51.85
29.6,3249.14,89.648,21.759,51.86
29.7,3262.04,88.596,21.449,51.9
29.8,3277.5,90.589,22.183,51.95
29.9,3288.62,90.502,22.143,51.99
30,3296.19,88.661,21.514,52.07
30.1,3310,89.902,21.522,52.13
30.2,3324.81,90.977,22.307,52.21
30.3,3335.43,89.116,21.393,52.24
30.4,3347.18,88.756,21.384,52.24
30.5,3360.87,91.055,21.977,52.26
30.6,3368.78,89.099,21.726,52.3
30.7,3383.35,88.142,21.59,52.44
30.8,3397.53,91.157,21.81,52.42
30.9,3406.19,89.85,21.805,52.53
31,3422.26,88.19,21.387,52.48
31.1,3431.77,89.825,21.802,52.54
31.2,3443.89,90.761,22.091,52.66
31.3,3457.37,88.6,21.497,52.68
31.4,3466.74,89.223,21.875,52.73
31.5,3476.87,90.973,22.023,52.8
31.6,3492.84,88.919,21.463,52.76
31.7,3506.55,88.447,21.277,52.88
31.8,3519.24,90.724,21.753,52.93
31.9,3526.92,90.137,21.98,52.9
32,3539.35,88.088,21.55,52.98
32.1,3554.84,89.508,21.47,53.04
32.2,3565.23,90.989,22.046,53.08
32.3,3574.69,88.755,21.377,53.1
32.4,3586.8,89.145,21.81,53.17
32.5,3596.99,90.472,21.77,53.2
32.6,3613.47,88.855,21.378,53.28
32.7,3624.64,88.202,21.494,53.29
32.8,3632.48,90.568,22.161,53.35
32.9,3646.54,89.387,21.605,53.42
33,3659.93,87.998,21.393,53.46
33.1,3672.1,89.46,21.478,53.53
33.2,3681.16,89.964,21.603,53.55
33.3,3693.28,87.625,21.552,53.6
33.4,3706.02,89.202,21.891,53.65
33.5,3719.95,90.064,21.722,53.7
33.6,3732.63,87.801,21.251,53.78
33.7,3746.58,88.845,21.734,53.76
33.8,3753.92,90.827,21.995,53.82
33.9,3765.75,89.371,21.907,53.87
34,3783.77,88.235,21.35,53.93
34.1,3789.48,90.019,21.862,54.05
34.2,3803.21,89.979,21.579,54.06
34.3,3812.36,88.102,21.555,54.14
34.4,3828.51,88.949,21.741,54.12
34.5,3836.3,89.909,21.962,54.17
34.6,3849.93,87.329,21.147,54.28
34.7,3867.64,87.809,21.543,54.3
34.8,3878.99,89.865,21.821,54.34
34.9,3891.08,88.785,21.655,54.41
35,3900.35,87.08,20.963,54.42
35.1,3913.89,89.944,21.716,54.51
35.2,3922.17,88.549,21.294,54.59
35.3,3938.69,87.086,21.159,54.62
35.4,3944,89.165,21.777,54.72
35.5,3957.11,89.947,21.758,54.69
35.6,3971.52,87.376,20.932,54.75
35.7,3984.46,88.547,21.192,54.87
35.8,3997.62,89.367,21.41,54.86
35.9,4004.1,87.579,21.413,54.96
36,4016.85,87.533,21.382,54.96
36.1,4030.36,89.863,21.581,55
36.2,4044.35,89.082,21.455,55.13
36.3,4055.37,86.526,20.796,55.15
36.4,4069.28,88.84,21.354,55.22
36.5,4079.94,88.993,21.363,55.23
36.6,4092.48,86.719,20.804,55.27
36.7,4101.04,87.61,21.068,55.34
36.8,4112.89,89.504,21.896,55.43
36.9,4126.2,87.317,21.145,55.48
37,4136.55,86.351,20.723,55.51
37.1,4150.46,88.705,21.455,55.6
37.2,4161.65,87.329,21.506,55.65
37.3,4177.09,86.597,21.334,55.67
37.4,4188.27,88.965,21.549,55.7
37.5,4203.58,87.925,21.071,55.77
37.6,4209.22,86.125,20.674,55.87
37.7,4225.68,87.153,21.02,55.94
37.8,4234.19,88.238,21.116,55.97
37.9,4249.25,86.55,20.986,56.01
38,4258.87,86.768,21.052,56.07
38.1,4269.8,88.577,21.616,56.08
38.2,4280.31,87.468,21.355,56.16
38.3,4297.93,85.97,20.925,56.19
38.4,4308.69,88.652,21.614,56.24
38.5,4319.91,87.608,21.521,56.27
38.6,4333.55,85.301,20.487,56.41
38.7,4346.04,87.627,21.352,56.43
38.8,4353.21,88.196,21.572,56.48
38.9,4370.31,85.597,21.118,56.5
39,4380.26,86.412,20.884,56.58
39.1,4390.25,87.918,21.224,56.65
39.2,4407.98,86.236,21.116,56.7
39.3,4418.32,85.106,20.907,56.74
39.4,4428.35,87.688,21.481,56.73
39.5,4441.29,86.444,21.241,56.85
39.6,4455.65,84.568,20.851,56.92
39.7,4467.84,86.622,21.246,56.9
39.8,4473.85,86.965,21.263,57.02
39.9,4487.7,84.977,20.752,57.05
40,4501.17,86.074,20.72,57.13
40.1,4511.65,87.904,21.268,57.12
40.2,4525.13,86.024,21.108,57.22
40.3,4536.04,84.342,20.548,57.19
40.4,4547.99,87.232,21.288,57.26
40.5,4556.63,86.185,20.734,57.34
40.6,4574.19,84.596,20.519,57.35
40.7,4584.48,85.87,21.031,57.42
40.8,4599.87,86.051,21.166,57.49
40.9,4611.61,84.141,20.636,57.55
41,4616,84.984,20.459,57.58
41.1,4633.3,86.135,21.152,57.6
41.2,4646.23,84.188,20.66,57.68
41.3,4656.95,84.375,20.531,57.7
41.4,4671.46,87.013,21.017,57.8
41.5,4680.01,85.527,21.05,57.79
41.6,4693.25,83.12,20.282,57.9
41.7,4703.64,85.67,20.677,57.93
41.8,4717.28,85.461,21.097,57.92
41.9,4730.39,83.944,20.731,58.03
42,4737.13,85.077,20.879,58.08
42.1,4749.56,85.713,20.883,58.11
42.2,4761.67,83.365,20.373,58.1
42.3,4778.88,83.952,20.416,58.15
42.4,4790.75,85.884,20.908,58.19
42.5,4799.7,83.771,20.685,58.24
42.6,4810.49,83.106,19.998,58.31
42.7,4820.24,85.545,20.532,58.34
42.8,4834.33,84.409,20.569,58.41
42.9,4847.84,82.163,19.872,58.44
43,4857.34,84.744,20.653,58.52
43.1,4872.53,84.474,20.607,58.5
43.2,4886.09,82.561,20.047,58.62
43.3,4898.37,83.636,20.322,58.61
43.4,4908.52,84.779,20.476,58.71
43.5,4921.91,83.203,20.223,58.72
43.6,4929.46,82.646,19.897,58.74
43.7,4944.64,83.929,20.677,58.8
43.8,4958.41,83.327,20.562,58.8
43.9,4965.73,81.65,20.078,58.9
44,4977.86,83.795,20.445,58.9
44.1,4990.32,84.537,20.371,59
44.2,5006.8,81.472,19.635,59.03
44.3,5018.64,82.145,19.982,59.01
44.4,5025.3,84.528,20.861,59.04
44.5,5040.69,81.709,19.893,59.07
44.6,5048.84,81.52,20.12,59.18
44.7,5066.99,83.801,20.598,59.17
44.8,5078.29,82.539,20.128,59.19
44.9,5084.89,81.375,19.631,59.25
45,5098.41,83.119,20.155,59.28
45.1,5108.04,82.924,20.29,59.38
45.2,5123.19,80.962,20.082,59.33
45.3,5135.93,81.728,19.688,59.42
45.4,5149.48,82.984,20.124,59.49
45.5,5162.72,80.574,19.559,59.51
45.6,5173.57,80.272,19.601,59.49
45.7,5186.24,83.297,20.529,59.53
45.8,5195.41,81.575,20.243,59.61
45.9,5206.75,80.555,19.577,59.66
46,5216.62,82.612,19.876,59.64
46.1,5233.94,82.254,19.87,59.68
46.2,5240.86,79.246,19.603,59.8
46.3,5253.12,81.065,20.062,59.81
46.4,5264.06,82.774,20.444,59.8
46.5,5278.18,79.398,19.666,59.86
46.6,5295.62,80.219,19.818,59.87
46.7,5304.8,81.678,19.975,59.91
46.8,5315.06,80.536,19.95,59.94
46.9,5326.5,79.563,19.63,60.05
47,5337.64,81.989,20.068,60.03
47.1,5352.05,81.203,20.074,60.13
47.2,5363.45,79.143,19.402,60.15
47.3,5379.29,80.167,19.415,60.12
47.4,5390.2,81.408,19.919,60.22
47.5,5403.73,79.268,19.156,60.18
47.6,5413.15,79.888,19.856,60.28
47.7,5422.33,81.541,19.691,60.26
47.8,5438.69,79.025,19.363,60.29
47.9,5444.15,78.247,19.109,60.39
48,5458.02,80.097,19.869,60.39
48.1,5468.58,79.438,19.576,60.41
48.2,5484.53,77.606,19.169,60.49
48.3,5497.56,80.299,19.535,60.47
48.4,5511.41,80.231,19.82,60.51
48.5,5519.97,78.029,18.953,60.58
48.6,5532.24,79.113,19.349,60.66
48.7,5542.76,80.539,20.005,60.69
48.8,5557.93,77.687,19.193,60.72
48.9,5570.76,77.558,19.053,60.77
49,5580.24,79.626,19.752,60.79
49.1,5588.18,78.663,19.568,60.76
49.2,5601.71,77.324,19.15,60.87
49.3,5617.48,78.364,19.477,60.86
49.4,5631.9,78.706,19.089,60.94
49.5,5640.84,77.181,19.049,60.94
49.6,5652.52,78.011,19.382,60.95
49.7,5665.38,78.825,19.364,61
49.8,5679.25,77.316,19.245,61.08
49.9,5690.67,76.477,19.004,61.05
50,595,2.856,2.668,61.18
50.1,596.56,2.749,2.398,61.16
50.2,599.29,2.971,2.524,61.2
50.3,601.18,3.143,2.442,61.21
50.4,603.28,3.13,2.711,61.32
50.5,602.86,3.341,2.779,61.36
50.6,603.51,3.133,2.706,61.39
50.7,606.72,3.021,2.753,61.4
50.8,606.42,2.733,2.472,61.49
50.9,605.46,2.815,2.413,61.48
51,603.19,2.859,2.701,61.49
51.1,603.28,2.791,2.791,61.51
51.2,602.93,3.174,2.862,61.6
51.3,600.41,3.316,2.689,61.65
51.4,598.51,3.386,2.773,61.72
51.5,598.14,3.019,2.736,61.73
51.6,594.95,2.979,2.698,61.73
51.7,594.96,2.79,2.859,61.78
51.8,594.43,2.512,2.512,61.8
51.9,595.93,2.625,2.319,61.83
52,593.68,3.015,2.423,61.88
52.1,593.89,3.121,2.679,62.01
52.2,595.75,3.317,2.532,62.03
52.3,598.01,3.122,2.557,62.07
52.4,602.34,3.398,2.793,62.13
52.5,604.16,2.992,2.38,62.11
52.6,604.42,2.741,2.663,62.18
52.7,606.79,2.875,2.468,62.24
52.8,607.32,2.627,2.406,62.26
52.9,604.61,2.814,2.62,62.32
53,603.71,2.927,2.561,62.3
53.1,604.36,3.08,2.532,62.35
53.2,601.64,3.474,2.914,62.4
53.3,601.61,3.084,2.638,62.42
53.4,598.72,3.081,2.789,62.5
53.5,596.99,2.981,2.897,62.6
53.6,596.91,2.899,2.54,62.55
53.7,595.05,2.807,2.9,62.65
53.8,593.49,2.743,2.377,62.65
53.9,592.56,3.119,2.47,62.71
54,594.8,3.101,2.97,62.8
54.1,594.73,3.149,2.586,62.83
54.2,595.88,3.016,2.721,62.89
54.3,595.61,3.169,2.977,62.9
54.4,600.56,2.982,2.621,62.95
54.5,602.24,2.524,2.675,63.04
54.6,604.07,2.662,2.819,63.07
54.7,602.73,2.869,2.493,63.13
54.8,606.57,3.195,2.74,63.11
54.9,606.5,3.324,2.561,63.19
55,605.54,3.186,2.832,63.27
55.1,603.63,3.273,2.686,63.29
55.2,603.37,3.012,2.652,63.32
55.3,604.04,2.94,2.423,63.34
55.4,601.43,2.685,2.5,63.43
55.5,601.16,2.846,2.473,63.47
55.6,600.14,2.846,2.372,63.47
55.7,598.31,3.15,2.531,63.58
55.8,596.71,3.292,2.746,63.62
55.9,595.5,3.471,2.943,63.69
56,595.88,3.058,2.954,63.67
56.1,592.17,2.888,2.6,63.73
56.2,596.75,2.662,2.291,63.79
56.3,597.18,2.51,2.716,63.78
56.4,596.23,2.849,2.473,63.89
56.5,597.9,2.853,2.864,63.88
56.6,600,3.078,2.679,63.97
56.7,604.44,3.448,3.015,63.97
56.8,606.07,3.437,2.807,64.07
56.9,605.24,3.378,2.704,64.11
57,606.21,3.142,2.77,64.15
57.1,605.25,2.841,2.545,64.21
57.2,603.82,2.692,2.628,64.19
57.3,603.92,2.707,2.524,64.29
57.4,605.26,2.74,2.886,64.28
57.5,600.1,3.155,2.906,64.4
57.6,599.76,3.17,2.521,64.4
57.7,599.67,3.223,2.861,64.47
57.8,596.28,3.065,2.688,64.51
57.9,594.46,3.045,2.386,64.51
58,592.97,2.668,2.471,64.57
58.1,592.78,2.794,2.477,64.63
58.2,594.33,2.841,2.722,64.64
58.3,595.23,2.812,2.363,64.7
58.4,594.6,3.152,2.549,64.73
58.5,598.47,3.16,2.622,64.81
58.6,600.1,3.27,2.724,64.86
58.7,602.76,3.109,2.935,64.94
58.8,601.3,3.089,2.691,64.96
58.9,606.15,2.971,2.859,65.01
59,605.52,2.874,2.511,65.02
59.1,605.22,2.933,2.536,65.03
59.2,605.06,2.756,2.547,65.07
59.3,603.78,2.982,2.489,65.11
59.4,605.67,3.092,2.834,65.21
59.5,604.21,3.464,2.672,65.29
59.6,601.28,3.086,2.703,65.25
59.7,599.69,2.876,2.826,65.38
59.8,599.91,2.736,2.486,65.32
59.9,596.75,2.582,2.448,65.43
60,593.21,2.723,2.858,65.45
60.1,594.39,2.882,2.334,65.54
60.2,595.62,3.302,2.897,65.5
60.3,593.31,3.212,2.809,65.55
60.4,593.05,3.258,2.488,65.61
60.5,596.84,3.225,2.546,65.69
60.6,597.39,3.069,2.635,65.7
60.7,600.3,2.654,2.857,65.74
60.8,599.24,2.658,2.488,65.81
60.9,603.75,2.593,2.41,65.85
61,605.78,3.002,2.908,65.83
61.1,605.72,3.258,2.463,65.86
61.2,607.46,3.303,3.002,65.95
61.3,607.24,3.328,2.525,65.97
61.4,605.66,3.368,2.53,66.04
61.5,604.33,2.919,2.641,66.07
61.6,602.76,2.879,2.385,66.08
61.7,599.7,2.825,2.477,66.14
61.8,600.67,2.655,2.609,66.14
61.9,597.7,2.812,2.369,66.22
62,598.29,3.049,2.538,66.21
62.1,594.79,3.218,2.445,66.22
62.2,594.37,3.363,2.519,66.32
62.3,594.18,3.181,2.655,66.32
62.4,593.2,3.057,2.764,66.31
62.5,596.02,2.618,2.547,66.38
62.6,595.2,2.604,2.408,66.43
62.7,597.5,2.755,2.596,66.44
62.8,599.12,3.003,2.566,66.54
62.9,600.11,3.198,2.427,66.53
63,601.19,3.399,2.722,66.56
63.1,605.73,3.44,2.477,66.58
63.2,607.03,3.17,2.43,66.59
63.3,607.74,2.896,2.547,66.62
63.4,607.22,2.795,2.372,66.7
63.5,605.97,2.722,2.412,66.75
63.6,605.56,2.698,2.412,66.79
63.7,603.31,3.129,2.499,66.84
63.8,600.89,3.136,2.848,66.87
63.9,599.69,3.172,2.755,66.86
64,596.13,3.379,2.583,66.84
64.1,596.76,2.978,2.572,66.92
64.2,593.86,3.126,2.492,66.9
64.3,593.51,2.886,2.789,66.94
64.4,594.61,2.875,2.435,67
64.5,595.58,2.954,2.481,66.99
64.6,594.78,3.027,2.594,67.03
64.7,597.08,3.135,2.822,67.12
64.8,597.44,3.165,2.953,67.17
64.9,598.39,3.118,2.534,67.11
65,898.4,77.921,19.079,67.14
65.1,910.38,77.513,19.193,67.19
65.2,927.87,79.585,19.651,67.28
65.3,933.35,78.441,19.346,67.3
65.4,947.51,77.635,19.317,67.36
65.5,957.78,79.39,19.356,67.37
65.6,972.53,80.145,19.636,67.39
65.7,985.96,77.409,18.929,67.42
65.8,992.32,79.271,19.338,67.38
65.9,1006.71,80.897,19.87,67.46
66,1019.22,78.206,19.006,67.47
66.1,1031.29,78.536,19.217,67.56
66.2,1041.91,80.274,19.856,67.53
66.3,1052.07,79.314,19.604,67.57
66.4,1064.87,78.136,19.121,67.63
66.5,1082.42,80.039,19.85,67.58
66.6,1088.89,80.967,19.57,67.62
66.7,1105.24,79.205,19.629,67.7
66.8,1119.84,79.719,19.376,67.72
66.9,1125.72,81.477,19.854,67.79
67,1137.48,79.444,19.543,67.78
67.1,1149.77,79.452,19.311,67.81
67.2,1165.08,81.554,20.21,67.79
67.3,1176.74,80.369,19.579,67.87
67.4,1187.22,78.995,19.641,67.92
67.5,1201.84,81.773,20.264,67.92
67.6,1212.32,81.615,19.899,67.99
67.7,1220.06,79.383,19.35,68.01
67.8,1239.79,81.118,19.953,68
67.9,1251.34,82.786,20.008,68.06
68,1257.92,80.512,19.559,68.04
68.1,1268.77,81.031,19.673,68.12
68.2,1281.21,82.805,19.955,68.16
68.3,1296.25,80.914,19.673,68.16
68.4,1307.08,80.056,19.762,68.23
68.5,1319.5,83.015,20.525,68.25
68.6,1330.45,82.313,19.981,68.29
68.7,1340.86,80.272,19.761,68.24
68.8,1356.97,82.265,19.958,68.3
68.9,1367.99,83.269,20.554,68.36
69,1382.26,80.694,19.856,68.4
69.1,1389.11,82.099,20.153,68.43
69.2,1406.94,83.164,20.024,68.41
69.3,1412.37,81.742,19.829,68.48
69.4,1426.78,81.701,19.915,68.51
69.5,1438.74,83.849,20.571,68.55
69.6,1455.18,83.451,20.621,68.59
69.7,1464.76,81.582,19.763,68.62
69.8,1478.35,83.28,20.327,68.67
69.9,1489.31,84.088,20.393,68.66
70,1503.52,81.445,20.028,68.67
70.1,1509.18,82.851,20.325,68.7
70.2,1520.94,85.084,20.897,68.77
70.3,1532.3,82.268,20.162,68.77
70.4,1545.05,82.052,20.279,68.84
70.5,1562.9,84.354,20.338,68.82
70.6,1570.58,83.061,20.411,68.87
70.7,1581.89,82.863,20.189,68.92
70.8,1597.65,84.79,20.828,68.98
70.9,1605.63,85.016,20.404,68.97
71,1621.82,82.182,20.016,69.09
71.1,1629.4,84.21,20.333,69.06
71.2,1640.55,85.026,20.661,69.1
71.3,1656.06,82.985,20.249,69.12
71.4,1671.7,83.181,20.064,69.2
71.5,1680.38,85.468,21.051,69.18
71.6,1694.36,84.689,20.594,69.3
71.7,1706.17,83.512,20.619,69.24
71.8,1714.04,85.605,20.929,69.31
71.9,1731.38,85.553,20.992,69.36
72,1738.3,83.622,20.548,69.45
72.1,1755.16,84.486,20.583,69.42
72.2,1766.81,86.281,20.749,69.43
72.3,1773.42,83.775,20.209,69.51
72.4,1785.88,84.65,20.727,69.56
72.5,1798.63,86.497,21.167,69.61
72.6,1813.79,84.41,20.737,69.58
72.7,1821.54,84.409,20.475,69.63
72.8,1837.53,86.177,21.053,69.71
72.9,1851.58,86.156,21.026,69.71
73,1858.39,83.82,20.197,69.81
73.1,1874.86,86.339,21.047,69.78
73.2,1882.46,87.229,21.358,69.89
73.3,1899.06,84.869,20.685,69.92
73.4,1911.05,85.431,20.654,69.88
73.5,1921.33,86.953,21.372,69.98
73.6,1933.79,85.81,20.785,70
73.7,1942.72,85.177,20.985,70.03
73.8,1957.5,87.171,21.456,70.14
73.9,1971.29,86.029,20.887,70.12
74,1982.07,84.807,20.406,70.22
74.1,1988.79,86.388,20.822,70.17
74.2,2002.8,87.526,21.489,70.29
74.3,2018.93,85.665,20.614,70.28
74.4,2025.19,86.65,20.9,70.3
74.5,2040.34,88.495,21.293,70.32
74.6,2055.61,85.329,20.973,70.39
74.7,2066.48,85.686,20.621,70.44
74.8,2073.6,88.63,21.513,70.51
74.9,2087.01,86.364,21.293,70.57
75,2096.3,85.41,21.073,70.61
75.1,2108.64,88.257,21.392,70.59
75.2,2121.9,87.786,21.162,70.64
75.3,2139.57,85.443,20.944,70.67
75.4,2145.7,87.582,21.133,70.68
75.5,2163.55,88.776,21.443,70.78
75.6,2169.63,86.267,21.003,70.81
75.7,2185.29,87.037,21.104,70.82
75.8,2192.15,88.454,21.597,70.85
75.9,2204.71,86.824,21.023,70.87
76,2216.82,86.057,20.712,70.96
76.1,2228.14,88.555,21.231,70.97
76.2,2245.96,88.828,21.816,70.99
76.3,2255.49,86.582,20.878,71.04
76.4,2266.46,88.125,21.67,71.13
76.5,2280.97,88.988,21.553,71.11
76.6,2294.99,86.544,21.219,71.18
76.7,2305.52,86.923,20.833,71.26
76.8,2317.01,89.62,21.707,71.25
76.9,2327.54,88.162,21.28,71.28
77,2340.57,86.629,21.349,71.39
77.1,2348.92,89.126,21.341,71.38
77.2,2362.51,89.239,21.596,71.38
77.3,2376.38,86.447,20.846,71.51
77.4,2388.1,89.015,21.71,71.45
77.5,2402.31,89.488,21.763,71.5
77.6,2412.87,87.097,21.179,71.54
77.7,2422.48,88.623,21.484,71.6
77.8,2437.8,89.354,21.446,71.67
77.9,2450.64,88.267,21.307,71.64
78,2457.43,87.784,21.352,71.71
78.1,2471.17,90.305,21.879,71.81
78.2,2484.59,88.752,21.254,71.79
78.3,2495.47,86.889,21.089,71.8
78.4,2504.54,89.728,21.777,71.86
78.5,2517.73,89.707,22.024,71.88
78.6,2528.7,87.624,21.277,71.97
78.7,2546.35,89.389,21.489,71.98
78.8,2557.52,89.787,22.045,72.01
78.9,2565.26,88.102,21.657,72.02
79,2580.25,87.738,21.302,72.08
79.1,2593.62,90.782,22.16,72.14
79.2,2606.73,88.987,21.568,72.1
79.3,2614,87.769,21.407,72.2
79.4,2628.95,90.5,22.096,72.17
79.5,2638.66,90.173,21.988,72.28
79.6,2655.45,88.004,21.14,72.24
79.7,2665.92,88.984,21.813,72.27
79.8,2674.39,90.877,21.803,72.32
79.9,2685.28,88.906,21.816,72.42
80,2696.27,88.585,21.493,72.44
80.1,2709.74,91.238,22.055,72.4
80.2,2723.34,89.522,21.961,72.48
80.3,2738.71,88.303,21.334,72.53
80.4,2750.39,90.729,21.758,72.58
80.5,2759.8,90.224,21.623,72.61
80.6,2768.03,87.854,21.317,72.58
80.7,2780.61,90.144,22.073,72.64
80.8,2797.69,90.66,21.748,72.65
80.9,2809.63,89.108,21.749,72.66
81,2818.49,89.104,21.645,72.68
81.1,2830.67,91.354,22.016,72.77
81.2,2847.13,89.701,21.948,72.73
81.3,2856.47,88.839,21.388,72.84
81.4,2866.91,91.198,22.214,72.85
81.5,2882.93,89.895,21.699,72.82
81.6,2889.44,89.091,21.697,72.92
81.7,2903.13,90.273,21.94,72.92
81.8,2912.01,91.483,22.182,72.89
81.9,2930.05,88.894,21.5,73.01
82,2938.61,90.344,21.581,72.98
82.1,2953.79,91.678,22.272,73.03
82.2,2961.97,89.548,21.596,73.04
82.3,2976.49,88.969,21.564,73.04
82.4,2986.6,91.298,21.945,73.09
82.5,3002.6,90.795,21.717,73.16
82.6,3015.3,89.118,21.691,73.14
82.7,3024.89,90.585,22.128,73.18
82.8,3035.94,91.677,22.072,73.25
82.9,3046.76,88.396,21.723,73.27
83,3057.13,89.682,21.431,73.21
83.1,3071.85,91.636,22.272,73.3
83.2,3083.87,90.072,21.691,73.33
83.3,3098.08,89.857,21.843,73.33
83.4,3104.14,91.559,21.995,73.33
83.5,3119.94,90.112,21.858,73.34
83.6,3132.13,89.58,21.68,73.4
83.7,3140.87,91.159,22.352,73.44
83.8,3153.44,91.067,21.747,73.46
83.9,3168.66,89.483,21.735,73.46
84,3178.74,90.564,22.085,73.54
84.1,3193.59,91.569,21.916,73.54
84.2,3204.05,89.205,21.553,73.55
84.3,3214.01,89.695,21.595,73.58
84.4,3225.2,91.59,22.402,73.58
84.5,3237.15,90.405,21.964,73.64
84.6,3249.53,88.748,21.433,73.67
84.7,3262.97,91.871,22.476,73.62
84.8,3275.44,91.137,22.251,73.69
84.9,3288.07,89.013,21.399,73.72
85,3300.22,90.519,22.147,73.71
85.1,3312.71,92.055,22.028,73.77
85.2,3324.35,89.475,21.83,73.81
85.3,3333.08,89.571,21.915,73.78
85.4,3351.16,92.076,22.035,73.79
85.5,3363.45,89.963,21.892,73.82
85.6,3375.24,89.564,21.893,73.84
85.7,3385.6,91.52,22.135,73.95
85.8,3394.73,90.712,21.854,73.98
85.9,3407.74,89.202,21.44,73.99
86,3420.12,91.368,22.342,73.98
86.1,3435.17,91.285,22.146,73.99
86.2,3446.98,88.648,21.272,73.99
86.3,3452.23,90.248,21.797,74.06
86.4,3466.86,91.183,22.334,74.08
86.5,3479.64,89.921,21.901,74.09
86.6,3488.98,89.665,21.442,74.12
86.7,3501.92,91.07,22.312,74.17
86.8,3519.23,90.118,21.533,74.14
86.9,3530.68,89.426,21.88,74.19
87,3540.34,91.053,22.152,74.26
87.1,3555.68,90.714,22.241,74.27
87.2,3567.55,88.982,21.539,74.29
87.3,3578.28,89.562,21.517,74.28
87.4,3588.78,91.331,22.25,74.33
87.5,3603.16,89.37,21.655,74.32
87.6,3614.66,89.415,21.766,74.38
87.7,3627.49,91.591,21.908,74.43
87.8,3635.27,89.693,21.965,74.41
87.9,3649.22,89.154,21.594,74.48
88,3658.43,90.909,22.108,74.47
88.1,3670.62,90.726,22.191,74.53
88.2,3686.41,89.274,21.823,74.52
88.3,3699.48,90.636,21.792,74.56
88.4,3709.43,91.779,22.479,74.61
88.5,3718.18,88.733,21.403,74.61
88.6,3732.77,89.829,21.967,74.67
88.7,3743.45,91.393,22.341,74.68
88.8,3755.35,89.099,21.633,74.73
88.9,3765.81,88.654,21.474,74.67
89,3780.65,90.516,22.052,74.7
89.1,3791.96,90.079,21.802,74.74
89.2,3805.33,88.916,21.293,74.83
89.3,3812.18,90.48,21.851,74.87
89.4,3831.4,91.119,22.119,74.85
89.5,3843.27,88.472,21.554,74.84
89.6,3850.3,89.127,21.447,74.93
89.7,3863.9,90.987,22.114,74.91
89.8,3878.66,89.388,21.456,75.02
89.9,3886.45,88.018,21.44,74.98
90,3897.24,90.448,21.65,75.06
90.1,3913.11,90.035,21.834,75.1
90.2,3920.76,88.226,21.307,75.12
90.3,3933.34,89.448,21.897,75.17
90.4,3947.89,90.179,22.068,75.16
90.5,3961.29,87.658,21.32,75.22
90.6,3971.35,89.434,21.556,75.17
90.7,3981.15,90.862,22.254,75.27
90.8,3999.52,88.253,21.151,75.25
90.9,4006.3,87.876,21.606,75.34
91,4017.85,90.699,21.834,75.37
91.1,4034.97,89.096,21.564,75.41
91.2,4043.15,87.772,21.135,75.39
91.3,4059.74,89.979,21.709,75.43
91.4,4065.96,90.381,22.13,75.43
91.5,4080.13,87.685,21.23,75.53
91.6,4090.6,88.702,21.36,75.55
91.7,4105.74,90.711,21.659,75.53
91.8,4115.18,88.34,21.482,75.57
91.9,4131.55,87.507,21.534,75.61
92,4142.09,89.819,21.599,75.62
92.1,4153.2,88.335,21.223,75.7
92.2,4161.39,87.591,21.34,75.76
92.3,4176.33,88.799,21.636,75.77
92.4,4188.1,88.913,21.531,75.84
92.5,4200.72,87.111,21.352,75.81
92.6,4212.68,88.089,21.311,75.89
92.7,4225.9,89.315,21.502,75.94
92.8,4238.16,86.759,20.94,75.91
92.9,4246.8,87.108,21.202,75.97
93,4258.8,89.431,21.538,75.97
93.1,4274.78,88.414,21.501,75.99
93.2,4283.38,86.261,20.888,76.08
93.3,4297.03,88.824,21.399,76.15
93.4,4305.4,88.257,21.664,76.1
93.5,4316.34,86.475,20.811,76.18
93.6,4330.03,88.174,21.252,76.22
93.7,4344.5,89.293,21.77,76.23
93.8,4356.46,86.243,21.173,76.28
93.9,4368.18,86.802,21.324,76.27
94,4379.02,88.727,21.817,76.38
94.1,4392.95,87.106,21.105,76.41
94.2,4407.56,86.219,20.985,76.47
94.3,4414.61,88.716,21.665,76.43
94.4,4428.02,87.696,21.308,76.52
94.5,4440.75,85.817,21.139,76.5
94.6,4453.67,87.643,21.125,76.51
94.7,4464.96,87.857,21.449,76.6
94.8,4475.74,85.476,20.774,76.59
94.9,4489.7,86.431,20.986,76.66
95,4500.26,88.285,21.496,76.66
95.1,4514.11,85.66,20.998,76.77
95.2,4525.28,86.004,21.128,76.72
95.3,4538.48,87.979,21.538,76.75
95.4,4550.01,86.955,20.86,76.85
95.5,4558.55,85.167,20.677,76.81
95.6,4571.42,87.074,20.981,76.94
95.7,4582.58,86.933,20.967,76.9
95.8,4598.65,85.06,20.668,76.94
95.9,4605.45,86.552,21.238,77.02
96,4617.21,88.072,21.553,77.03
96.1,4635.74,85.314,20.922,77.06
96.2,4640.67,85.696,20.785,77.12
96.3,4657.58,87.491,21.215,77.08
96.4,4668.88,86.429,20.962,77.16
96.5,4678.23,85.119,20.671,77.18
96.6,4690.82,86.81,21.003,77.22
96.7,4704.87,86.242,20.765,77.28
96.8,4715.89,83.975,20.213,77.31
96.9,4727.08,85.186,20.754,77.29
97,4742.99,87.013,21.05,77.35
97.1,4753,84.065,20.749,77.41
97.2,4763.97,84.248,20.288,77.36
97.3,4779.22,86.383,20.849,77.4
97.4,4790.62,84.514,20.729,77.46
97.5,4800.95,83.745,20.686,77.54
97.6,4811.07,86.033,21.049,77.53
97.7,4820.59,85.295,20.775,77.55
97.8,4835.52,83.261,20.335,77.59
97.9,4850.21,84.723,20.507,77.57
98,4860.37,86.195,20.84,77.68
98.1,4875,83.634,20.197,77.71
98.2,4886.24,84.485,20.816,77.73
98.3,4892.97,86.281,20.882,77.77
98.4,4906.35,84.48,20.312,77.71
98.5,4917.72,82.723,20.159,77.84
98.6,4928.63,85.07,20.758,77.77
98.7,4942.1,84.271,20.601,77.8
98.8,4956.1,82.75,20.006,77.82
98.9,4966.6,84.035,20.333,77.86
99,4977.48,85.282,20.894,77.97
99.1,4993.8,83.093,20.042,77.92
99.2,5006.6,83.065,20.036,78
99.3,5017.3,84.625,20.679,77.96
99.4,5029.92,82.804,20.229,78
99.5,5040.28,82.256,20.371,78.1
99.6,5050.34,84.567,20.429,78.03
99.7,5067.2,83.061,20.391,78.15
99.8,5077.19,81.996,20.051,78.17
99.9,5088.84,84.049,20.415,78.16
100,5096.32,83.555,20.486,78.15
100.1,5112.17,81.927,19.931,78.22
100.2,5124.92,82.932,20.223,78.26
100.3,5137.98,84.316,20.449,78.26
100.4,5149.33,82.043,20.307,78.25
100.5,5162.22,82.14,20.365,78.34
100.6,5168.28,83.716,20.276,78.32
100.7,5181.62,82.104,20.087,78.33
100.8,5199.8,81.028,19.56,78.35
100.9,5204.86,82.889,20.36,78.36
101,5216.35,82.909,20.246,78.37
101.1,5230.36,80.716,19.568,78.43
101.2,5246.49,81.885,20.168,78.48
101.3,5258.21,82.956,20.243,78.48
101.4,5267.88,81.062,20.128,78.48
101.5,5283.82,80.512,19.448,78.48
101.6,5292.26,82.441,20.364,78.55
101.7,5302.22,81.64,19.914,78.56
101.8,5312.51,79.754,19.523,78.56
101.9,5326.54,82.574,20.413,78.6
102,5338.98,82.226,20.281,78.62
102.1,5351.49,79.984,19.593,78.69
102.2,5364.57,81.304,19.64,78.62
102.3,5377.83,82.332,19.926,78.72
102.4,5384.42,79.233,19.241,78.67
102.5,5401.7,80.905,19.854,78.74
102.6,5413.71,82.648,20,78.72
102.7,5421.4,79.748,19.592,78.77
102.8,5433.31,79.723,19.247,78.75
102.9,5444.79,81.817,19.894,78.82
103,5462.63,80.028,19.316,78.81
103.1,5470.57,78.538,19.34,78.83
103.2,5482.41,80.458,19.872,78.89
103.3,5499.99,80.933,19.969,78.89
103.4,5508.26,78.685,19.368,78.91
103.5,5516.9,79.919,19.757,78.93
103.6,5528.2,80.523,19.556,78.93
103.7,5540,78.552,19.383,78.99
103.8,5552.91,78.416,19.048,78.93
103.9,5567.7,80.832,19.819,78.98
104,5577.17,79.176,19.254,79.04
104.1,5595.84,77.583,18.791,78.99
104.2,5607.89,80.115,19.62,79
104.3,5613.06,79.797,19.725,79.01
104.4,5625.81,77.352,19.105,79.11
104.5,5641.14,78.568,19.538,79.13
104.6,5648.52,79.576,19.685,79.12
104.7,5666.58,77.535,18.81,79.12
104.8,5675.78,77.968,19.306,79.11
104.9,5688.58,79.555,19.503,79.18
105,602.53,3.033,2.506,79.22
105.1,607.03,2.986,2.574,79.25
105.2,606.37,3.19,2.561,79.23
105.3,607.5,3.125,2.39,79.29
105.4,606.38,3.233,2.876,79.31
105.5,604.29,2.955,2.583,79.25
105.6,603.68,2.668,2.655,79.28
105.7,599.59,2.628,2.518,79.3
105.8,600.13,2.776,2.514,79.34
105.9,597.92,2.788,2.557,79.35
106,594.34,3.242,2.655,79.36
106.1,593.79,3.102,2.667,79.45
106.2,594.09,3.331,2.665,79.4
106.3,593.37,3.314,2.472,79.45
106.4,593.54,2.998,2.415,79.43
106.5,596.67,2.666,2.612,79.54
106.6,597.27,2.671,2.493,79.52
106.7,596.78,2.73,2.63,79.55
106.8,601.51,2.798,2.412,79.59
106.9,599.91,3.334,2.491,79.6
107,602.46,3.123,2.956,79.63
107.1,602.79,3.399,2.926,79.65
107.2,604.02,3.206,2.515,79.61
107.3,605.96,3.017,2.826,79.68
107.4,606.35,2.882,2.55,79.66
107.5,606.36,2.62,2.308,79.66
107.6,602.89,2.697,2.81,79.78
107.7,601.67,2.981,2.39,79.77
107.8,602.86,3.14,2.516,79.76
107.9,600.14,3.296,2.658,79.77
108,596.81,3.46,2.923,79.8
108.1,594.37,3.283,2.989,79.86
108.2,595.09,2.905,2.353,79.91
108.3,595.17,2.695,2.465,79.93
108.4,593.61,2.662,2.379,79.96
108.5,594.6,2.642,2.692,79.98
108.6,596.55,3.14,2.612,79.98
108.7,594.69,3.221,2.855,80.02
108.8,596.42,3.254,2.529,80.02
108.9,600.18,3.387,2.595,80.08
109,599.95,2.977,2.696,80.09
109.1,602.79,2.744,2.749,80.15
109.2,604.24,2.822,2.863,80.1
109.3,607.49,2.571,2.563,80.12
109.4,606.73,2.768,2.899,80.2
109.5,606.19,2.855,2.805,80.21
109.6,604.21,3.195,2.519,80.26
109.7,604.96,3.112,2.958,80.23
109.8,601.65,3.238,2.82,80.32
109.9,601.6,3.025,2.773,80.28
110,600.94,2.762,2.518,80.38
110.1,595.5,2.859,2.413,80.36
110.2,594.78,2.635,2.522,80.38
110.3,595.08,2.604,2.489,80.42
110.4,594.05,2.889,2.43,80.45
110.5,592.93,3.38,2.926,80.53
110.6,594.45,3.416,2.46,80.47
110.7,595.57,3.266,2.696,80.49
110.8,594.94,3.25,2.436,80.6
110.9,597.37,2.854,2.653,80.59
111,598.64,2.683,2.453,80.67
111.1,600.77,2.682,2.634,80.63
111.2,601.66,2.945,2.507,80.67
111.3,605.49,2.805,2.655,80.75
111.4,606.29,3.305,2.951,80.73
111.5,606.38,3.389,3.01,80.75
111.6,607,3.141,2.559,80.75
111.7,606.89,3.262,2.517,80.82
111.8,605.59,2.952,2.365,80.84
111.9,603.52,2.737,2.544,80.89
112,599.41,2.551,2.703,80.87
112.1,598.92,2.616,2.321,80.96
112.2,598.85,2.895,2.741,81.02
112.3,595.96,3.093,2.457,80.97
112.4,595.14,3.107,2.906,81
112.5,592.88,3.23,2.589,81.06
112.6,592.21,2.902,2.799,81.11
112.7,593.71,2.74,2.675,81.16
112.8,596.82,2.583,2.297,81.18
112.9,597.26,2.588,2.317,81.19
113,596.5,2.904,2.925,81.17
113.1,599.1,2.814,2.737,81.25
113.2,601.3,3.179,2.53,81.26
113.3,603.94,3.449,2.509,81.33
113.4,603.02,3.066,2.786,81.37
113.5,605.17,3.055,2.653,81.33
113.6,604.69,2.913,2.41,81.37
113.7,607.34,2.6,2.79,81.41
113.8,604.39,2.878,2.72,81.45
113.9,602.72,2.616,2.69,81.49
114,603.91,3.134,2.721,81.5
114.1,600.43,3.007,2.58,81.55
114.2,598.61,3.228,2.752,81.58
114.3,596.17,3.132,2.738,81.56
114.4,596.05,3.015,2.869,81.62
114.5,595.93,2.905,2.527,81.65
114.6,593.35,2.876,2.894,81.67
114.7,595.25,2.735,2.315,81.75
114.8,592.59,2.654,2.655,81.77
114.9,594.21,2.98,2.86,81.78
115,596.46,3.333,3.003,81.84
115.1,596.64,3.281,2.601,81.84
115.2,600.9,3.214,2.901,81.86
115.3,602.47,2.938,2.54,81.94
115.4,602.37,2.747,2.541,81.91
115.5,605.26,2.891,2.933,81.99
115.6,604.75,2.83,2.871,81.93
115.7,606.48,2.689,2.854,81.99
115.8,604.49,2.92,2.49,82.06
115.9,604.32,3.353,2.76,82.07
116,602.14,3.294,2.522,82.1
116.1,602.51,3.246,2.86,82.12
116.2,599.14,3.092,2.869,82.18
116.3,597.7,2.995,2.479,82.15
116.4,596,2.87,2.361,82.16
116.5,596.74,2.724,2.399,82.21
116.6,595.46,2.798,2.874,82.27
116.7,593.97,2.918,2.629,82.25
116.8,593.39,3.343,2.711,82.27
116.9,595.75,3.119,2.893,82.28
117,595.24,3.122,2.562,82.35
117.1,597.01,3.102,2.588,82.36
117.2,600.06,2.844,2.402,82.37
117.3,601.66,2.805,2.698,82.42
117.4,602.95,2.587,2.488,82.46
117.5,604.29,2.87,2.46,82.46
117.6,605.92,3.024,2.367,82.52
117.7,605.87,3.201,2.694,82.53
117.8,607.16,3.411,2.467,82.49
117.9,603.87,3.356,2.452,82.53
118,605.19,3.102,2.58,82.55
118.1,604.73,2.967,2.764,82.58
118.2,600.57,2.707,2.408,82.62
118.3,602.52,2.657,2.537,82.59
118.4,600.8,2.796,2.726,82.68
118.5,596.5,2.89,2.924,82.71
118.6,595.45,3.29,2.781,82.66
118.7,592.93,3.281,2.515,82.73
118.8,594.8,3.275,2.803,82.77
118.9,594.43,3.262,2.865,82.79
119,593.33,2.947,2.512,82.75
119.1,597.15,2.603,2.558,82.81
119.2,596.58,2.804,2.45,82.79
119.3,599.77,2.861,2.831,82.83
119.4,601,2.911,2.673,82.89
119.5,601.98,3.259,2.684,82.89
119.6,603.16,3.462,2.989,82.84
119.7,604.93,3.043,2.605,82.93
119.8,605.87,3.098,2.519,82.98
119.9,605.01,2.985,2.44,82.94
120,897.94,77.77,19.117,82.98
120.1,908.5,80.03,19.854,83.01
120.2,922.15,79.721,19.485,82.96
120.3,938.88,77.803,19.223,82.98
120.4,944.82,79.86,19.85,83.07
120.5,960.02,80.914,19.972,83.03
120.6,968.49,78.248,19.465,83.07
120.7,985.46,79.198,19.477,83.04
120.8,997.22,81.535,19.727,83.12
120.9,1004.36,78.704,19.124,83.07
121,1023.19,79.753,19.408,83.09
121.1,1029.33,81.455,19.659,83.16
121.2,1043.8,79.992,19.441,83.19
121.3,1052.25,79.564,19.546,83.15
121.4,1069.15,81.251,20.115,83.2
121.5,1080.83,80.995,19.732,83.23
121.6,1094.58,79.956,19.344,83.25
121.7,1105.39,81.238,19.943,83.28
121.8,1117.1,82.512,20.205,83.29
121.9,1128.56,80.457,19.774,83.31
122,1141.88,80.518,19.664,83.24
122.1,1152.68,82.529,20.317,83.29
122.2,1166.22,80.889,19.566,83.31
122.3,1175.25,80.327,19.502,83.36
122.4,1186.22,83.023,20.404,83.3
122.5,1201.32,81.565,20.079,83.39
122.6,1211.88,80.483,19.473,83.33
122.7,1226.81,81.537,19.958,83.38
122.8,1239.9,83.114,20.15,83.4
122.9,1249.79,80.749,19.475,83.4
123,1263.88,81.204,20.076,83.45
123.1,1274.05,84.033,20.469,83.44
123.2,1282.59,81.826,19.755,83.44
123.3,1297.43,81.728,20.043,83.44
123.4,1307.26,83.97,20.628,83.52
123.5,1322.21,82.421,20.095,83.47
123.6,1332.05,80.987,19.534,83.55
123.7,1342.34,82.766,20.196,83.51
123.8,1357.61,83.828,20.408,83.51
123.9,1365.31,82.084,19.928,83.52
124,1378.54,82.629,19.998,83.54
124.1,1391.02,84.973,20.793,83.64
124.2,1400.92,82.116,19.788,83.61
124.3,1419.14,81.725,19.812,83.64
124.4,1430.48,84.662,20.512,83.66
124.5,1438.04,83.81,20.72,83.69
124.6,1449.95,82.066,20.227,83.69
124.7,1467.73,84.091,20.507,83.72
124.8,1477.47,85.116,20.58,83.71
124.9,1486.96,82.76,20.412,83.7
125,1503.35,83.345,20.572,83.73
125.1,1508.23,85.756,21.032,83.74
125.2,1522.82,82.854,19.973,83.78
125.3,1538.68,83.186,20.469,83.82
125.4,1545.49,85.66,20.768,83.79
125.5,1563.24,84.678,20.759,83.78
125.6,1572.15,83.062,20.409,83.79
125.7,1585.34,85.022,20.927,83.82
125.8,1595.82,85.027,20.868,83.83
125.9,1609.11,83.792,20.258,83.92
126,1621.63,85.416,20.83,83.9
126.1,1631.17,86.084,20.891,83.93
126.2,1643.62,83.753,20.687,83.9
126.3,1659.54,84.117,20.552,83.93
126.4,1665.06,86.354,20.914,84.02
126.5,1681.32,84.98,20.843,84
126.6,1695.7,83.516,20.102,84
126.7,1703.5,86.183,21.133,84.02
126.8,1712.59,85.872,20.754,84.06
126.9,1731.75,83.692,20.406,84.05
127,1743.98,85.609,21.065,84.14
127.1,1751.74,87.253,21.164,84.08
127.2,1764.71,84.513,20.707,84.18
127.3,1773.11,84.749,20.726,84.16
127.4,1786.31,86.845,21.136,84.14
127.5,1796.62,85.234,20.608,84.18
127.6,1810.11,84.335,20.617,84.25
127.7,1820.83,86.641,21.149,84.24
127.8,1833.27,86.237,20.716,84.29
127.9,1848.74,85.177,21.014,84.33
128,1862.04,86.666,21.338,84.35
128.1,1874.99,87.804,21.239,84.37
128.2,1884,84.668,20.339,84.4
128.3,1898.8,86.709,21.274,84.41
128.4,1907.3,87.979,21.114,84.38
128.5,1919.57,86.436,20.989,84.41
128.6,1932.85,85.345,20.77,84.45
128.7,1944.52,88.553,21.487,84.49
128.8,1959.42,86.829,21.145,84.5
128.9,1965.19,85.094,20.594,84.56
129,1977.05,87.953,21.097,84.57
129.1,1991.45,88.427,21.604,84.55
129.2,2007.21,85.626,20.745,84.6
129.3,2012.97,87.4,21.153,84.59
129.4,2026.03,88.876,21.565,84.67
129.5,2042.06,86.207,20.874,84.66
129.6,2055.12,86.103,21.015,84.66
129.7,2066.31,88.656,21.584,84.67
129.8,2079.09,87.063,21.033,84.7
129.9,2084.65,86.833,21.265,84.82
130,2098.23,88.91,21.667,84.83
130.1,2111.24,88.88,21.581,84.87
130.2,2125.23,86.514,20.934,84.84
130.3,2138.04,88.601,21.7,84.91
130.4,2145.09,89.153,21.576,84.92
130.5,2158.93,87.04,21.252,84.92
130.6,2168.67,87.071,21.134,84.93
130.7,2186.61,89.821,21.88,84.98
130.8,2195.05,87.614,21.311,85.01
130.9,2205.39,86.798,21.049,85.03
131,2223.31,89.563,21.63,85.03
131.1,2232.25,89.334,21.67,85.06
131.2,2245.33,86.599,20.975,85.12
131.3,2252.6,89.253,21.774,85.13
131.4,2266.59,89.227,21.426,85.15
131.5,2281.95,87.543,21.396,85.2
131.6,2291.75,88.867,21.361,85.22
131.7,2302.9,89.909,21.914,85.19
131.8,2319.76,88.295,21.559,85.27
131.9,2326.22,87.386,21.32,85.31
132,2339.93,90.486,21.84,85.32
132.1,2355.72,89.75,21.698,85.33
132.2,2365.71,87.727,21.574,85.39
132.3,2372.32,89.477,21.494,85.37
132.4,2386.35,90.135,21.734,85.39
132.5,2399.45,88.464,21.598,85.48
132.6,2415.75,89.032,21.689,85.47
132.7,2423.35,90.852,22.107,85.52
132.8,2435.63,88.389,21.42,85.51
132.9,2451.18,88.522,21.552,85.58
133,2457.63,90.195,21.917,85.62
133.1,2473.43,90.161,21.626,85.59
133.2,2483.74,87.91,21.267,85.66
133.3,2498.05,89.759,21.638,85.69
133.4,2508.96,91.044,22.033,85.73
133.5,2516.38,88.821,21.317,85.67
133.6,2530.87,89.194,21.592,85.75
133.7,2541.34,91.397,21.864,85.73
133.8,2557.94,89.246,21.832,85.78
133.9,2565.6,89.347,21.737,85.81
134,2581.66,91.167,21.908,85.85
134.1,2594.19,90.403,21.656,85.85
134.2,2602.17,89.275,21.602,85.88
134.3,2612.6,91.166,22.079,85.86
134.4,2624.56,90.523,21.623,85.96
134.5,2642.93,89.144,21.402,85.94
134.6,2648.7,90.73,22.234,85.97
134.7,2666.43,91.327,22.382,86.02
134.8,2675.61,89.487,21.629,86
134.9,2690.99,89.548,21.905,86.06
135,2703.53,91.941,22.327,86.03
135.1,2710.01,90.496,21.914,86.05
135.2,2725.17,89.396,21.774,86.11
135.3,2735.07,91.912,22.169,86.16
135.4,2751.62,90.918,21.989,86.11
135.5,2763.42,88.768,21.319,86.15
135.6,2775.14,90.682,21.756,86.22
135.7,2787.56,91.215,22.152,86.22
135.8,2799.62,89.797,21.858,86.26
135.9,2807.5,90.095,21.618,86.22
136,2818.2,92.184,22.008,86.26
136.1,2828.8,90.425,21.661,86.27
136.2,2840.48,89.593,21.71,86.36
136.3,2853.1,91.979,22.136,86.35
136.4,2864.3,90.695,21.988,86.4
136.5,2879.65,88.812,21.341,86.43
136.6,2889.69,91.711,22.472,86.42
136.7,2903.9,92.258,22.356,86.4
136.8,2919.47,89.934,21.496,86.42
136.9,2927.46,90.286,21.607,86.45
137,2936,92.059,22.308,86.52
137.1,2955.96,90.467,21.982,86.45
137.2,2966.25,89.486,21.718,86.53
137.3,2974.38,92.599,22.239,86.53
137.4,2984.26,90.509,21.888,86.52
137.5,3001.15,89.998,21.52,86.56
137.6,3011.88,91.996,22.124,86.55
137.7,3020.7,91.987,22.015,86.64
137.8,3037.8,90.289,21.897,86.65
137.9,3050.79,91.103,22.041,86.65
138,3063.45,92.008,22.378,86.6
138.1,3073.15,89.736,21.964,86.64
138.2,3084.53,90.073,21.838,86.63
138.3,3096.22,93.037,22.28,86.72
138.4,3110.11,91.285,21.895,86.73
138.5,3123.74,89.795,21.707,86.72
138.6,3134.53,91.654,22.264,86.77
138.7,3142.97,91.458,21.897,86.77
138.8,3158.83,89.586,22.001,86.8
138.9,3169.84,90.901,22.023,86.76
139,3179.66,92.003,22.385,86.83
139.1,3192.79,90.4,21.933,86.76
139.2,3201.45,90.526,22.205,86.87
139.3,3216.86,92.446,22.595,86.84
139.4,3226.65,90.719,22.046,86.9
139.5,3243.96,89.487,21.388,86.88
139.6,3252.23,91.83,22.116,86.89
139.7,3263.01,91.64,22.453,86.89
139.8,3278.19,89.249,21.901,86.91
139.9,3288.35,91.625,22.039,86.9
140,3298.09,91.893,22.211,86.96
140.1,3311.66,89.598,21.451,86.89
140.2,3324.54,91.055,22.195,86.96
140.3,3339.76,92.1,22.067,86.92
140.4,3347.82,90.206,22.007,86.95
140.5,3361.09,90.439,21.761,86.98
140.6,3370.88,92.985,22.179,87
140.7,3386.91,91.775,22.423,87.03
140.8,3397.06,89.447,21.543,86.97
140.9,3406.46,91.785,22.12,87.04
141,3418.24,92.379,22.113,87.08
141.1,3431.24,89.826,21.59,87.07
141.2,3442.41,90.95,22.261,87.1
141.3,3457.27,92.657,22.099,87.08
141.4,3466.17,89.962,21.754,87.08
141.5,3480.01,89.879,21.682,87.15
141.6,3489.92,92.837,22.16,87.12
141.7,3504.11,91.196,22.113,87.08
141.8,3514.38,89.549,21.849,87.09
141.9,3524.19,91.624,22.254,87.1
142,3537.61,92.215,22.285,87.2
142.1,3551.17,90.286,21.71,87.14
142.2,3561.08,90.767,22.217,87.22
142.3,3576.5,92.816,22.326,87.23
142.4,3590.68,90.026,21.755,87.19
142.5,3599.36,90.524,22.035,87.26
142.6,3612.41,92.498,22.294,87.23
142.7,3626.9,90.478,21.739,87.21
142.8,3637.54,89.432,21.618,87.23
142.9,3649.15,91.444,21.979,87.21
143,3662.35,91.061,22.129,87.28
143.1,3671.58,89.247,21.456,87.33
143.2,3685.02,91.371,22.376,87.32
143.3,3695.45,92.031,22.266,87.28
143.4,3709.75,89.839,21.479,87.31
143.5,3717.76,89.938,21.495,87.38
143.6,3735.02,92.598,22.344,87.35
143.7,3744.07,90.277,21.731,87.36
143.8,3753.92,90.005,21.959,87.33
143.9,3767.62,91.938,22.102,87.39
144,3783.34,90.848,22.276,87.44
144.1,3788.93,89.503,21.568,87.45
144.2,3800.08,91.509,22.036,87.46
144.3,3819.62,91.306,21.947,87.4
144.4,3828.5,89.689,21.557,87.5
144.5,3838.99,90.228,21.79,87.5
144.6,3853.65,92.057,22.491,87.51
144.7,3863.83,89.405,21.91,87.51
144.8,3877.09,88.929,21.539,87.53
144.9,3889.73,91.68,22.226,87.53
145,3896.74,91.124,22.219,87.55
145.1,3914.48,88.49,21.557,87.61
145.2,3925.84,90.512,21.793,87.61
145.3,3932.16,90.654,21.893,87.55
145.4,3950.31,88.549,21.606,87.57
145.5,3963.82,89.51,21.604,87.64
145.6,3972.29,91.244,22.093,87.64
145.7,3983.91,89.566,21.416,87.67
145.8,3994.16,89.352,21.609,87.68
145.9,4007.77,91.571,22.405,87.66
146,4022.7,89.967,22.078,87.73
146.1,4035.33,87.966,21.44,87.74
146.2,4046.04,90.064,21.797,87.72
146.3,4059.92,90.904,21.768,87.77
146.4,4070.62,88.126,21.255,87.74
146.5,4079.99,89.505,21.933,87.77
146.6,4095.51,90.844,22.253,87.86
146.7,4103.6,88.963,21.567,87.81
146.8,4118.19,88.307,21.552,87.88
146.9,4124.42,91.322,22.023,87.91
147,4140.04,89.54,21.855,87.87
147.1,4149.16,88.187,21.274,87.87
147.2,4160.38,90.282,21.995,87.93
147.3,4174.77,90.081,21.909,87.99
147.4,4186.21,87.788,21.314,87.96
147.5,4201.24,89.067,21.363,87.98
147.6,4213.91,90.9,21.752,87.99
147.7,4227.3,87.626,21.519,88.07
147.8,4238.95,88.786,21.349,88.04
147.9,4249.88,90.861,22.258,88.11
148,4258.46,89.031,21.485,88.14
148.1,4268.35,88.167,21.126,88.12
148.2,4284.64,90.499,22.169,88.1
148.3,4297.72,89.461,21.806,88.12
148.4,4309.17,87.756,21.03,88.13
148.5,4323.46,89.398,21.878,88.16
148.6,4328.47,90.25,21.589,88.23
148.7,4340.84,87.468,21.329,88.28
148.8,4353.91,87.694,21.345,88.31
148.9,4370.09,89.884,21.997,88.26
149,4383.36,87.681,21.239,88.35
149.1,4392.27,87.245,21.123,88.29
149.2,4407.78,89.184,21.409,88.36
149.3,4416.79,88.61,21.617,88.36
149.4,4426.07,86.451,21.029,88.37
149.5,4443.4,88.355,21.282,88.46
149.6,4454.65,88.569,21.321,88.43
149.7,4462.74,87.154,21.267,88.42
149.8,4478.19,87.128,21.023,88.45
149.9,4488.35,89.071,21.323,88.49
150,4500.48,87.031,21.17,88.59
150.1,4509.71,86.919,21.283,88.57
150.2,4527.06,88.762,21.812,88.58
150.3,4532.51,87.189,21.427,88.61
150.4,4545.79,85.546,20.644,88.66
150.5,4563.22,87.659,21.005,88.62
150.6,4575.87,87.749,21.384,88.71
150.7,4587.41,85.889,20.673,88.73
150.8,4597.28,87.167,21.015,88.71
150.9,4605,88.363,21.558,88.74
151,4621.66,85.498,20.7,88.72
151.1,4634.35,86.796,21.161,88.83
151.2,4640.47,88.261,21.262,88.81
151.3,4656.65,86.073,21.084,88.84
151.4,4671.35,85.825,20.962,88.81
151.5,4680.43,88.236,21.224,88.92
151.6,4695.36,86.848,21.273,88.96
151.7,4701.99,85.704,21.023,88.98
151.8,4717.92,87.037,20.893,88.96
151.9,4731.97,87.826,21.608,89
152,4743.93,85.09,20.46,88.99
152.1,4754.15,85.721,20.667,88.98
152.2,4767.15,87.255,21.445,89.02
152.3,4775.09,85.422,21.036,89.04
152.4,4787.11,85.406,20.556,89.13
152.5,4800.37,86.877,21.166,89.1
152.6,4812.9,86.206,21.096,89.08
152.7,4823.86,84.413,20.607,89.11
152.8,4832.12,86.231,20.871,89.12
152.9,4847.02,86.401,20.71,89.19
153,4857.58,84.861,20.796,89.19
153.1,4871.2,85.522,20.731,89.23
153.2,4886.13,86.65,21.236,89.29
153.3,4896.16,85.097,21.007,89.26
153.4,4911.75,84.198,20.823,89.28
153.5,4923.7,85.886,20.826,89.27
153.6,4935.74,84.692,20.929,89.3
153.7,4942.74,83.831,20.491,89.36
153.8,4953.48,84.946,20.884,89.35
153.9,4969.39,85.262,20.615,89.42
154,4976.12,82.783,20.458,89.42
154.1,4992.91,84.525,20.803,89.41
154.2,5005.46,86.262,20.867,89.42
154.3,5016.1,83.301,20.506,89.44
154.4,5030.56,83.788,20.295,89.5
154.5,5043.78,86.083,20.992,89.47
154.6,5051.54,83.742,20.301,89.51
154.7,5063.24,82.816,20.279,89.51
154.8,5075.37,84.942,20.77,89.61
154.9,5089.23,84.439,20.639,89.63
155,5101.89,81.998,20.031,89.65
155.1,5111.9,83.36,20.54,89.61
155.2,5120.87,85.014,20.651,89.64
155.3,5137.21,82.815,20.423,89.61
155.4,5147.09,82.709,20.033,89.66
155.5,5163.33,84.812,20.602,89.7
155.6,5170.63,82.663,20.103,89.69
155.7,5185.37,82.058,20.287,89.72
155.8,5196.55,83.748,20.652,89.74
155.9,5205.51,83.412,20.237,89.72
156,5216.17,81.071,20.133,89.79
156.1,5235.65,83.283,20.092,89.76
156.2,5242.66,83.639,20.11,89.81
156.3,5258.2,81.907,20.131,89.82
156.4,5267.76,81.591,20.175,89.84
156.5,5283.35,83.615,20.39,89.83
156.6,5290.65,82.004,20.253,89.81
156.7,5305.99,80.653,19.86,89.85
156.8,5312.97,83.146,20.342,89.87
156.9,5327.18,82.513,20.227,89.9
157,5337.38,80.428,19.636,89.88
157.1,5355.74,82.367,20.318,89.93
157.2,5360.72,82.762,20.444,89.97
157.3,5376.66,80.867,19.664,89.96
157.4,5391.29,81.669,20.101,89.98
157.5,5398.98,82.816,20.255,89.99
157.6,5408.26,81.381,20.158,89.98
157.7,5427.84,80.403,19.7,90.03
157.8,5437.56,83.048,20.231,90.03
157.9,5448.69,81.328,19.607,90
158,5457.31,79.584,19.771,90.06
158.1,5469.38,81.942,20.282,90.03
158.2,5482.3,82.254,19.939,90.05
158.3,5499.06,79.193,19.489,90.02
158.4,5511.44,80.348,19.923,90.05
158.5,5521.64,82.328,20.302,90.06
158.6,5532.25,79.374,19.611,90.04
158.7,5543.07,80.029,19.756,90.07
158.8,5557.69,81.105,19.703,90.12
158.9,5571.38,80.136,19.816,90.07
159,5579.56,79.105,19.499,90.11
159.1,5590.89,81.527,20.097,90.15
159.2,5606.92,80.334,19.376,90.12
159.3,5612.35,78.977,19.224,90.11
159.4,5630.62,79.764,19.502,90.18
159.5,5640.1,80.538,19.947,90.19
159.6,5654.48,78.695,19.089,90.13
159.7,5665.31,78.543,19.462,90.19
159.8,5677.02,80.703,20.029,90.15
159.9,5690.48,78.538,19.149,90.22
160,604.94,3.233,2.508,90.25
160.1,602.37,3.307,2.627,90.22
160.2,598.96,3.165,2.771,90.25
160.3,598.24,2.848,2.888,90.21
160.4,595.61,2.595,2.503,90.28
160.5,596.3,2.664,2.654,90.24
160.6,595.17,2.703,2.865,90.21
160.7,594.58,3.207,2.479,90.23
160.8,595.75,3.314,2.747,90.29
160.9,594.45,3.473,2.738,90.32
161,594.36,3.025,2.373,90.29
161.1,595.86,3.028,2.925,90.31
161.2,599.67,2.868,2.343,90.3
161.3,598.61,2.836,2.889,90.33
161.4,602.75,2.639,2.483,90.34
161.5,605.8,3.054,2.464,90.29
161.6,606.59,3.25,2.839,90.31
161.7,607.05,3.413,3.032,90.33
161.8,604.97,3.173,2.434,90.38
161.9,606.72,3.223,2.798,90.34
162,604.54,3.148,2.743,90.37
162.1,602.98,2.975,2.625,90.37
162.2,603.87,2.538,2.65,90.37
162.3,601.84,2.563,2.515,90.41
162.4,597.47,2.973,2.849,90.39
162.5,594.96,2.901,2.581,90.42
162.6,593.84,3.361,3.013,90.42
162.7,594.9,3.382,2.875,90.49
162.8,593.65,3.329,2.541,90.45
162.9,595.08,2.859,2.409,90.51
163,595.86,2.773,2.604,90.5
163.1,595.51,2.635,2.714,90.49
163.2,596.25,2.723,2.538,90.47
163.3,600.3,2.705,2.795,90.52
163.4,600.48,3.166,2.827,90.55
163.5,601.75,3.427,2.883,90.51
163.6,602.03,3.268,2.915,90.56
163.7,606.7,3.183,2.892,90.61
163.8,604,3.086,2.719,90.58
163.9,605.38,2.804,2.602,90.63
164,607.19,2.701,2.499,90.61
164.1,605.79,2.778,2.665,90.58
164.2,604.72,2.766,2.613,90.63
164.3,600.38,3.073,2.751,90.65
164.4,598.47,3.213,2.869,90.62
164.5,597.39,3.181,2.621,90.63
164.6,595.69,3.339,2.587,90.7
164.7,597.31,2.935,2.742,90.74
164.8,593.94,2.967,2.88,90.66
164.9,595.44,2.585,2.362,90.71
165,593.24,2.897,2.48,90.76
165.1,595.9,3.061,2.932,90.75
165.2,596.6,3.269,2.916,90.79
165.3,595.76,3.394,2.884,90.74
165.4,600.11,3.39,2.827,90.79
165.5,599.64,3.4,2.573,90.82
165.6,601.22,2.819,2.641,90.88
165.7,604.81,2.745,2.68,90.81
165.8,604.1,2.651,2.846,90.89
165.9,606.04,2.748,2.817,90.89
166,605.33,2.721,2.59,90.94
166.1,605.92,3.049,2.595,90.9
166.2,605.81,3.283,2.573,90.97
166.3,603.57,3.276,2.775,90.98
166.4,600.73,3.124,2.739,90.95
166.5,598.49,3.084,2.403,90.98
166.6,598.43,2.772,2.832,91.04
166.7,597.6,2.681,2.688,90.97
166.8,595.94,2.9,2.9,91.07
166.9,595.88,2.712,2.442,91.05
167,595.53,3.008,2.903,91.05
167.1,592.87,3.206,2.796,91.06
167.2,593.62,3.28,2.436,91.13
167.3,597.43,3.014,2.612,91.08
167.4,598.81,2.806,2.345,91.12
167.5,600.62,2.919,2.507,91.16
167.6,599.42,2.752,2.55,91.14
167.7,603.29,2.555,2.462,91.24
167.8,604.2,2.914,2.479,91.22
167.9,604.57,3.104,2.665,91.26
168,605.55,3.238,2.699,91.27
168.1,604.46,3.227,2.848,91.25
168.2,604.18,3.027,2.385,91.35
168.3,606.51,2.903,2.916,91.32
168.4,602.26,2.801,2.788,91.34
168.5,600.83,2.759,2.648,91.4
168.6,600.43,2.931,2.717,91.34
168.7,600.01,3.041,2.623,91.44
168.8,595.52,2.974,2.555,91.46
168.9,596.28,3.283,2.926,91.41
169,595.48,3.41,2.785,91.42
169.1,593.92,3.012,2.944,91.45
169.2,593.34,2.948,2.816,91.52
169.3,596.44,2.736,2.451,91.52
169.4,595.69,2.78,2.449,91.53
169.5,596.3,2.765,2.522,91.57
169.6,600.37,3.009,2.734,91.59
169.7,600.93,2.919,2.619,91.56
169.8,603.86,3.179,2.728,91.66
169.9,605.18,3.432,2.955,91.6
170,604.47,3.026,2.366,91.7
170.1,605.9,3.161,2.954,91.67
170.2,605.15,2.791,2.39,91.69
170.3,605.85,2.666,2.391,91.74
170.4,604.39,2.905,2.54,91.72
170.5,602.19,2.887,2.607,91.82
170.6,600.4,3.094,2.752,91.84
170.7,599.84,3.192,2.539,91.86
170.8,597.53,3.35,2.586,91.87
170.9,595.22,3.316,2.978,91.87
171,593.53,2.895,2.824,91.86
171.1,593.36,2.842,2.506,91.87
171.2,593.41,2.861,2.428,91.91
171.3,592.78,2.586,2.539,91.9
171.4,594.74,2.853,2.591,91.93
171.5,595.39,3.003,2.902,91.94
171.6,596.87,3.3,2.78,91.97
171.7,600.86,3.248,2.766,91.97
171.8,600.98,2.98,2.862,92.08
171.9,601.94,3.025,2.384,92.06
172,603,2.655,2.827,92.09
172.1,604.13,2.611,2.782,92.13
172.2,606.48,2.792,2.328,92.11
172.3,604.69,2.813,2.64,92.15
172.4,607.41,3.1,2.601,92.16
172.5,603.69,3.185,2.624,92.2
172.6,605.04,3.258,2.912,92.15
172.7,601.07,3.337,2.981,92.23
172.8,598.86,2.88,2.745,92.19
172.9,599.98,2.845,2.411,92.23
173,595.49,2.896,2.49,92.2
173.1,593.97,2.633,2.53,92.28
173.2,592.41,2.765,2.892,92.28
173.3,593.19,3.096,2.539,92.25
173.4,594.87,3.201,2.602,92.31
173.5,595.84,3.363,2.457,92.29
173.6,596.17,2.975,2.749,92.37
173.7,596.4,2.855,2.544,92.36
173.8,600.38,2.586,2.793,92.37
173.9,600.26,2.513,2.694,92.35
174,601.34,2.777,2.865,92.38
174.1,602.6,2.74,2.332,92.42
174.2,607.04,3.191,2.521,92.44
174.3,606.46,3.192,2.706,92.44
174.4,604.64,3.381,2.461,92.46
174.5,605.69,3.182,2.838,92.49
174.6,606.1,3.004,2.512,92.5
174.7,604.49,2.787,2.518,92.48
174.8,600.01,2.572,2.443,92.47
174.9,601.16,2.803,2.382,92.47
175,596.36,2.856,2.36,92.48
175.1,595.77,3.073,2.736,92.58
175.2,596.05,3.2,2.891,92.6
175.3,595.4,3.101,2.687,92.53
175.4,593.83,3.015,2.73,92.53
175.5,593.35,3.005,2.756,92.61
175.6,596.76,2.787,2.717,92.62
175.7,594.21,2.85,2.438,92.56
175.8,595.84,2.919,2.44,92.6
175.9,599.99,3.077,2.463,92.65
176,600.05,3.079,2.916,92.6
176.1,602.06,3.159,2.502,92.64
176.2,604.33,3.117,2.645,92.64
176.3,603.47,3.068,2.581,92.67
176.4,604.07,2.814,2.513,92.72
176.5,605.02,2.594,2.396,92.7
176.6,606.82,2.794,2.827,92.72
176.7,605.14,2.778,2.697,92.69
176.8,601.03,2.772,2.571,92.75
176.9,600.91,3.079,2.901,92.76
177,598.75,3.386,2.606,92.77
177.1,598.13,3.302,2.962,92.74
177.2,596.34,3.334,2.701,92.75
177.3,596.03,2.988,2.704,92.79
177.4,595.54,2.806,2.712,92.74
177.5,595.17,2.874,2.573,92.71
177.6,595.47,2.681,2.636,92.77
177.7,596.15,2.957,2.807,92.8
177.8,595.91,3.277,2.956,92.83
177.9,599.21,3.325,3.02,92.74
178,599.54,3.272,2.771,92.79
178.1,600.4,3.052,2.67,92.82
178.2,602.97,2.751,2.562,92.83
178.3,604.33,2.916,2.535,92.8
178.4,604.26,2.773,2.82,92.81
178.5,607.41,2.758,2.376,92.79
178.6,606.67,2.874,2.488,92.87
178.7,604.63,3.012,2.567,92.87
178.8,605.87,3.269,2.526,92.9
178.9,602.22,3.316,2.503,92.88
179,603.07,3.152,2.621,92.85
179.1,599.89,2.842,2.386,92.86
179.2,597.33,2.797,2.503,92.9
179.3,597.11,2.764,2.756,92.86
179.4,594.96,2.602,2.4,92.86
179.5,593.02,3.067,2.531,92.86
179.6,592.75,3.338,2.512,92.91
179.7,594.19,3.353,3.025,92.9
179.8,593.29,3.222,2.718,92.93
179.9,594.51,2.985,2.77,92.95
180,598.26,3.017,2.602,92.88
