Time [s],Motor speed B [rpm],Torque B [Nm],Run trigger B [V]
2.5,802.4,5.94,0
2.6,803.960277,6.135689,0
2.7,805.494222,6.323577,0
2.8,806.975948,6.496173,0
2.9,808.380449,6.646596,0
3,809.684024,6.768849,0
3.1,810.864671,6.858058,0
3.2,811.902467,6.910668,0
3.3,812.779897,6.92458,0
3.4,813.482154,6.89924,0
3.5,813.997386,6.835658,0
3.6,814.316898,6.736369,0
3.7,814.435299,6.605331,0
3.8,814.350588,6.447769,0
3.9,814.064197,6.269963,0
4,813.580959,6.079003,0
4.1,812.909029,5.882501,0
4.2,812.059745,5.688292,0
4.3,811.047442,5.504117,0
4.4,809.889203,5.33732,0
4.5,808.604575,5.19455,0
4.6,807.215236,5.081498,0
4.7,805.744635,5.002672,0
4.8,804.217589,4.961214,0
4.9,802.659869,4.958778,0
5,801.097763,4.99546,0
5.1,799.557635,5.069797,0
5.2,798.065474,5.178827,0
5.3,796.646464,5.318202,0
5.4,795.324552,5.482367,0
5.5,794.122047,5.664776,0
5.6,793.059242,5.858157,0
5.7,792.154073,6.054801,0
5.8,791.421818,6.246868,0
5.9,790.874832,6.426702,0
6,790.522347,6.587132,0
6.1,790.370313,6.721763,0
6.2,790.421293,6.825227,0
6.3,790.67443,6.893401,0
6.4,791.125449,6.923565,0
6.5,791.76674,6.914518,0
6.6,792.58748,6.86662,0
6.7,793.573818,6.78178,0
6.8,794.709109,6.663381,0
6.9,795.974193,6.516143,0
7,797.34772,6.345937,0
7.1,798.806511,6.159547,0
7.2,800.325946,5.964404,0
7.3,801.880383,5.768288,0
7.4,803.44359,5.579018,0
7.5,804.989184,5.404139,0
7.6,806.491083,5.250623,0
7.7,807.92394,5.124591,0
7.8,809.263574,5.031066,0
7.9,810.487377,4.973778,0
8,811.574695,4.95501,0
8.1,812.507179,4.97551,0
8.2,813.269092,5.034461,0
8.3,813.847577,5.129514,0
8.4,814.232869,5.256878,0
8.5,814.418468,5.411476,0
8.6,814.40124,5.587144,0
8.7,814.181477,5.77688,0
8.8,813.762887,5.973119,0
8.9,813.152534,6.168037,0
9,812.36072,6.353865,0
9.1,811.400806,6.523192,0
9.2,810.288993,6.66927,0
9.3,809.044044,6.786274,0
9.4,807.686968,6.86954,0
9.5,806.240668,6.915748,0
9.6,804.729552,6.923056,0
9.7,803.179122,6.891173,0
9.8,801.615544,6.821369,0
9.9,800.065204,6.716428,0
10,798.554267,6.580534,0
10.1,797.108231,6.419103,0
10.2,795.7515,6.238572,0
10.3,794.506971,6.046137,0
10.4,793.395646,5.849472,0
10.5,792.436281,5.656415,0
10.6,791.645065,5.474664,0
10.7,791.035352,5.311465,0
10.8,790.617431,5.173323,0
10.9,790.398355,5.065746,0
11,790.381822,4.993023,0
11.1,790.56811,4.958053,0
11.2,790.954075,4.962231,0
11.3,791.533204,5.005388,0
11.4,792.295724,5.085806,0
11.5,793.228766,5.200278,0
11.6,794.316583,5.34424,0
11.7,795.540818,5.511953,0
11.8,796.880809,5.696731,0
11.9,798.313944,5.891207,0
12,799.816036,6.087629,0
12.1,801.361735,6.278165,0
12.2,802.924957,6.45522,0
12.3,804.479319,6.611734,0
12.4,805.99859,6.741469,0
12.5,1188.322337,187.274129,5
12.6,1198.567562,188.381215,5
12.7,1209.711734,187.63543,5
12.8,1221.801824,185.489384,5
12.9,1234.834981,183.054239,5
13,1248.75869,181.577107,5
13.1,1263.473529,181.854504,5
13.2,1278.838411,183.857734,5
13.3,1294.678014,186.746378,5
13.4,1310.792013,189.263546,5
13.5,1326.96563,190.327011,5
13.6,1342.980949,189.538189,5
13.7,1358.62839,187.369591,5
13.8,1373.717749,184.94259,5
13.9,1388.088214,183.500015,5
14,1401.616834,183.821623,5
14.1,1414.224999,185.857358,5
14.2,1425.882573,188.750893,5
14.3,1436.609488,191.24236,5
14.4,1446.474688,192.260886,5
14.5,1455.592505,191.428232,5
14.6,1464.11663,189.236679,5
14.7,1472.232024,186.817492,5
14.8,1480.145175,185.408869,5
14.9,1488.073222,185.773582,5
15,1496.232519,187.840234,5
15.1,1504.827241,190.736829,5
15.2,1514.03863,193.20088,5
15.3,1524.015452,194.17317,5
15.4,1534.866157,193.295911,5
15.5,1546.653171,191.081014,5
15.6,1559.389608,188.66932,5
15.7,1573.038577,187.294041,5
15.8,1587.515129,187.700753,5
15.9,1602.690726,189.796736,5
16,1618.400014,192.694573,5
16.1,1634.449532,195.129513,5
16.2,1650.627898,196.054294,5
16.3,1666.716946,195.131683,5
16.4,1682.503213,192.893075,5
16.5,1697.789183,190.488564,5
16.6,1712.403689,189.146029,5
16.7,1726.210929,189.593638,5
16.8,1739.117615,191.717373,5
16.9,1751.077892,194.614649,5
17,1762.095748,197.018807,5
17.1,1772.224805,197.894839,5
17.2,1781.565497,196.926161,5
17.3,1790.259778,194.663501,5
17.4,1798.483647,192.265881,5
17.5,1806.437879,190.9555,5
17.6,1814.337448,191.442912,5
17.7,1822.40021,193.592835,5
17.8,1830.835423,196.487769,5
17.9,1839.832731,198.859508,5
18,1849.552173,199.685587,5
18.1,1860.115756,198.670161,5
18.2,1871.601028,196.383139,5
18.3,1884.036995,193.99214,5
18.4,1897.40259,192.713339,5
18.5,1911.627789,193.239475,5
18.6,1926.597292,195.41404,5
18.7,1942.156599,198.304879,5
18.8,1958.120149,200.642595,5
18.9,1974.281087,201.417559,5
19,1990.422166,200.354748,5
19.1,2006.327181,198.043088,5
19.2,2021.792362,195.658468,5
19.3,2036.637105,194.410694,5
19.4,2050.713481,194.974495,5
19.5,2063.914028,197.172178,5
19.6,2076.177413,200.057201,5
19.7,2087.491661,202.359334,5
19.8,2097.894784,203.082068,5
19.9,2107.472781,201.97128,5
20,2116.355108,199.634747,5
20.1,2124.707861,197.256296,5
20.2,2132.725026,196.039021,5
20.3,2140.618263,196.639449,5
20.4,2148.605761,198.858759,5
20.5,2156.900743,201.736281,5
20.6,2165.700237,204.001316,5
20.7,2175.174702,204.670756,5
20.8,2185.459047,203.511449,5
20.9,2196.645525,201.149854,5
21,2208.778879,198.777397,5
21.1,2221.853983,197.590123,5
21.2,2235.816108,198.226173,5
21.3,2250.563812,200.465648,5
21.4,2265.954276,203.334029,5
21.5,2281.810831,205.560502,5
21.6,2297.932258,206.17564,5
21.7,2314.103389,204.967328,5
21.8,2330.106438,202.580529,5
21.9,2345.732473,200.213934,5
22,2360.792416,199.056198,5
22.1,2375.127003,199.726895,5
22.2,2388.615176,201.985114,5
22.3,2401.180452,204.842758,5
22.4,2412.794956,207.029261,5
22.5,2423.480887,207.589149,5
22.6,2433.309348,206.331407,5
22.7,2442.396606,203.919316,5
22.8,2450.897962,201.558493,5
22.9,2458.999575,200.429871,5
23,2466.90866,201.134279,5
23.1,2474.842569,203.409861,5
23.2,2483.017348,206.255225,5
23.3,2491.636356,208.400411,5
23.4,2500.879557,208.904166,5
23.5,2510.89404,207.59663,5
23.6,2521.786273,205.159215,5
23.7,2533.616495,202.804126,5
23.8,2546.395542,201.704234,5
23.9,2560.084282,202.441459,5
24,2574.595669,204.733071,5
24.1,2589.799332,207.564666,5
24.2,2605.528437,209.667249,5
24.3,2621.58848,210.114058,5
24.4,2637.767526,208.756432,5
24.5,2653.847372,206.293723,5
24.6,2669.615039,203.944378,5
24.7,2684.873992,202.872882,5
24.8,2699.454487,203.642072,5
24.9,2713.222511,205.948432,5
25,2726.086844,208.764829,5
25.1,2738.003861,210.823593,5
25.2,2748.979827,211.212713,5
25.3,2759.070572,209.80477,5
25.4,2768.378546,207.31686,5
25.5,2777.047428,204.973329,5
25.6,2785.254554,203.929939,5
25.7,2793.20158,204.730295,5
25.8,2801.103861,207.050174,5
25.9,2809.179109,209.850007,5
26,2817.635924,211.863805,5
26.1,2826.662814,212.194569,5
26.2,2836.418259,210.736158,5
26.3,2847.022369,208.223207,5
26.4,2858.550559,205.885615,5
26.5,2871.029574,204.870097,5
26.6,2884.43608,205.700869,5
26.7,2898.697898,208.033094,5
26.8,2913.697799,210.815062,5
26.9,2929.279684,212.782824,5
27,2945.2568,213.054643,5
27.1,2961.42158,211.545688,5
27.2,2977.556572,209.007926,5
27.3,2993.445894,206.676458,5
27.4,3008.886603,205.688633,5
27.5,3023.699381,206.549127,5
27.6,3037.737984,208.892586,5
27.7,3050.89694,211.655457,5
27.8,3063.117106,213.576188,5
27.9,3074.388783,213.788555,5
28,3084.752225,212.229058,5
28.1,3094.295522,209.666785,5
28.2,3103.149957,207.341694,5
28.3,3111.483093,206.381439,5
28.4,3119.489952,207.271017,5
28.5,3127.382736,209.624661,5
28.6,3135.379657,212.367274,5
28.7,3143.693442,214.240059,5
28.8,3152.520129,214.392548,5
28.9,3162.028745,212.782595,5
29,3172.352399,210.196187,5
29.1,3183.581277,207.877786,5
29.2,3195.757886,206.945039,5
29.3,3208.874821,207.863122,5
29.4,3222.875154,210.225967,5
29.5,3237.655426,212.947235,5
29.6,3253.071106,214.77124,5
29.7,3268.944196,214.863513,5
29.8,3285.072605,213.203269,5
29.9,3301.240799,210.593176,5
30,3317.231147,208.281849,5
30.1,3332.835383,207.376607,5
30.2,3347.86558,208.322679,5
30.3,3362.16404,210.693806,5
30.4,3375.611607,213.392718,5
30.5,3388.133937,215.167193,5
30.6,3399.705416,215.198997,5
30.7,3410.35051,213.488713,5
30.8,3420.142474,210.855462,5
30.9,3429.199494,208.551659,5
31,3437.678466,207.673983,5
31.1,3445.766728,208.647588,5
31.2,3453.672196,211.026148,5
31.3,3461.612414,213.701769,5
31.4,3469.803096,215.426049,5
31.5,3478.446764,215.39722,5
31.6,3487.722081,213.637232,5
31.7,3497.774447,210.981427,5
31.8,3508.708332,208.685667,5
31.9,3520.581784,207.835682,5
32,3533.403361,208.83643,5
32.1,3547.131691,211.221642,5
32.2,3561.677643,213.873116,5
32.3,3576.909025,215.546621,5
32.4,3592.657545,215.457082,5
32.5,3608.727675,213.647811,5
32.6,3624.906948,210.970135,5
32.7,3640.977151,208.683009,5
32.8,3656.725812,207.860902,5
32.9,3671.957396,208.888465,5
33,3686.503601,211.279619,5
33.1,3700.232222,213.906168,5
33.2,3713.054111,215.528405,5
33.3,3724.92788,215.37817,5
33.4,3735.862073,213.520124,5
33.5,3745.914717,210.821339,5
33.6,3755.190272,208.543503,5
33.7,3763.834122,207.749527,5
33.8,3772.024922,208.803643,5
33.9,3779.965189,211.200099,5
34,3787.870632,213.801024,5
34.1,3795.958798,215.371587,5
34.2,3804.437606,215.160758,5
34.3,3813.494406,213.25453,5
34.4,3823.286102,210.535474,5
34.5,3833.930896,208.267658,5
34.6,3845.50206,207.50213,5
34.7,3858.024074,208.5826,5
34.8,3871.471342,210.983789,5
34.9,3885.769535,213.558471,5
35,3900.799512,215.07704,5
35.1,3916.403587,214.805809,5
35.2,3932.393839,212.852077,5
35.3,3948.56201,210.113668,5
35.4,3964.690469,207.856667,5
35.5,3980.563679,207.119967,5
35.6,3995.979543,208.226658,5
35.7,4010.760054,210.632079,5
35.8,4024.760666,213.179978,5
35.9,4037.877908,214.646318,5
36,4050.054835,214.314965,5
36.1,4061.284025,212.314494,5
36.2,4071.607969,209.557723,5
36.3,4081.116837,207.312403,5
36.4,4089.943725,206.604973,5
36.5,4098.25765,207.737815,5
36.6,4106.254642,210.147039,5
36.7,4114.147424,212.667691,5
36.8,4122.154208,214.081654,5
36.9,4130.487202,213.690544,5
37,4139.341433,211.64418,5
37.1,4148.884476,208.870116,5
37.2,4159.247627,206.637408,5
37.3,4170.518991,205.959752,5
37.4,4182.73884,207.118736,5
37.5,4195.89749,209.5314,5
37.6,4209.935814,212.02442,5
37.7,4224.748357,213.38594,5
37.8,4240.188884,212.935528,5
37.9,4256.078089,210.844198,5
38,4272.213035,208.053983,5
38.1,4288.377842,205.834882,5
38.2,4304.355056,205.187564,5
38.3,4319.937105,206.37274,5
38.4,4334.937228,208.78855,5
38.5,4349.199314,211.253628,5
38.6,4362.606121,212.562721,5
38.7,4375.085452,212.053542,5
38.8,4386.613957,209.918255,5
38.9,4397.218366,207.1131,5
39,4406.974077,204.908665,5
39.1,4416.001185,204.292306,5
39.2,4424.458161,205.503787,5
39.3,4432.533501,207.922511,5
39.4,4440.435804,210.359409,5
39.5,4448.382779,211.616173,5
39.6,4456.589783,211.048845,5
39.7,4465.25848,208.870685,5
39.8,4474.566215,206.051872,5
39.9,4484.656679,203.863222,5
40,4495.632338,203.278498,5
40.1,4507.549036,204.516449,5
40.2,4520.413058,206.937921,5
40.3,4534.180793,209.346473,5
40.4,4548.761037,210.551081,5
40.5,4564.01979,209.926302,5
40.6,4579.787319,207.706428,5
40.7,4595.867096,204.875305,5
40.8,4612.046145,202.703614,5
40.9,4628.106264,202.151255,5
41,4643.835513,203.415896,5
41.1,4659.039381,205.840008,5
41.2,4673.551023,208.220117,5
41.3,4687.240054,209.37282,5
41.4,4700.019415,208.691362,5
41.5,4711.849954,206.431005,5
41.6,4722.742493,203.588982,5
41.7,4732.757253,201.435481,5
41.8,4742.00069,200.916265,5
41.9,4750.619878,202.207867,5
42,4758.794772,204.634568,5
42.1,4766.728725,206.986202,5
42.2,4774.637782,208.087321,5
42.3,4782.739296,207.350031,5
42.4,4791.240485,205.050491,5
42.5,4800.32752,202.199036,5
42.6,4810.155712,200.065006,5
42.7,4820.841342,199.579758,5
42.8,4832.455529,200.898641,5
42.9,4845.02049,203.327935,5
43,4858.508365,205.651125,5
43.1,4872.842689,206.70105,5
43.2,4887.902414,205.908843,5
43.3,4903.528289,203.571483,5
43.4,4919.531247,200.712121,5
43.5,4935.702359,198.59889,5
43.6,4951.823838,198.148477,5
43.7,4967.680516,199.495003,5
43.8,4983.071167,201.926945,5
43.9,4997.819111,204.22178,5
44,5011.781518,205.220967,5
44.1,5024.856929,204.374826,5
44.2,5036.990602,202.001068,5
44.3,5048.177391,199.135377,5
44.4,5058.462024,197.044315,5
44.5,5067.936739,196.629644,5
44.6,5076.736432,198.004216,5
44.7,5085.03155,200.438907,5
44.8,5093.019116,202.705533,5
44.9,5100.912348,203.654499,5
45,5108.929436,202.755466,5
45.1,5117.282043,200.346791,5
45.2,5126.164164,197.476394,5
45.3,5135.741905,195.408912,5
45.4,5146.144736,195.030922,5
45.5,5157.45867,196.43398,5
45.6,5169.721738,198.871563,5
45.7,5182.92198,201.110178,5
45.8,5196.998078,202.009495,5
45.9,5211.842587,201.058671,5
46,5227.307591,198.616611,5
46.1,5243.212492,195.743176,5
46.2,5259.353527,193.700716,5
46.3,5275.514495,193.360379,5
46.4,5291.478146,194.792394,5
46.5,5307.037621,197.233054,5
46.6,5322.007349,199.443899,5
46.7,5336.232817,200.294194,5
46.8,5349.598714,199.292733,5
46.9,5362.034997,196.818867,5
47,5373.520585,193.944097,5
47.1,5384.084465,191.928135,5
47.2,5393.804171,191.626447,5
47.3,5402.801695,193.087918,5
47.4,5411.237065,195.531872,5
47.5,5419.299917,197.715234,5
47.6,5427.199505,198.517181,5
47.7,5435.153682,197.466283,5
47.8,5443.377426,194.962233,5
47.9,5452.071519,192.087867,5
48,5461.41197,190.099901,5
48.1,5471.540744,189.837878,5
48.2,5482.558292,191.329328,5
48.3,5494.518251,193.776822,5
48.4,5507.424626,195.933026,5
48.5,5521.231578,196.687343,5
48.6,5535.845835,195.588254,5
48.7,5551.131608,193.055676,5
48.8,5566.91774,190.18348,5
48.9,5583.006722,188.225028,5
49,5599.185095,188.003704,5
49.1,5615.234691,189.525672,5
49.2,5630.944127,191.976979,5
49.3,5646.119931,194.106382,5
49.4,5660.59674,194.813825,5
49.5,5674.246003,193.667827,5
49.6,5686.982753,191.108413,5
49.7,5698.770085,188.240176,5
49.8,5709.621094,186.31277,5
49.9,5719.598192,186.133189,5
50,5728.809814,187.686227,5
50.1,5737.404713,190.141641,5
50.2,5745.564122,192.244627,5
50.3,5753.49221,192.905986,5
50.4,5761.40533,191.714394,5
50.5,5769.520621,189.129861,5
50.6,5778.044578,186.267389,5
50.7,5787.162168,184.372571,5
50.8,5797.027098,184.235782,5
50.9,5807.753711,185.820453,5
51,5819.410968,188.28028,5
51.1,5832.018818,190.357259,5
51.2,5845.547142,190.973351,5
51.3,5859.917344,189.737508,5
51.4,5875.006488,187.129595,5
51.5,5890.653773,184.274704,5
51.6,5906.669004,182.414021,5
51.7,5922.842604,182.321073,5
51.8,5938.956659,183.93794,5
51.9,5954.796388,186.402498,5
52,5970.16146,188.453896,5
52.1,5984.876541,189.025563,5
52.2,5998.800533,187.746835,5
52.3,6011.833999,185.117294,5
52.4,6023.924407,182.27181,5
52.5,812.35171,5.44123,0
52.6,811.390153,5.619919,0
52.7,810.276876,5.811368,0
52.8,809.030667,6.007946,0
52.9,807.672558,6.201814,0
53,806.225468,6.385245,0
53.1,804.713819,6.550926,0
53.2,803.163121,6.692251,0
53.3,801.599544,6.803586,0
53.4,800.049476,6.880492,0
53.5,798.539076,6.919904,0
53.6,797.093834,6.920251,0
53.7,795.73814,6.881518,0
53.8,794.494873,6.805249,0
53.9,793.385014,6.694486,0
54,792.427294,6.553644,0
54.1,791.637876,6.388338,0
54.2,791.030082,6.205158,0
54.3,790.614168,6.011407,0
54.4,790.397155,5.814809,0
54.5,790.382705,5.623202,0
54.6,790.571061,5.444225,0
54.7,790.959044,5.285013,0
54.8,791.540108,5.151913,0
54.9,792.304446,5.050232,0
55,793.239158,4.984023,0
55.1,794.32847,4.955926,0
55.2,795.554,4.96706,0
55.3,796.895064,5.016983,0
55.4,798.32903,5.103704,0
55.5,799.831699,5.223765,0
55.6,801.377711,5.37238,0
55.7,802.940976,5.543624,0
55.8,804.495111,5.730671,0
55.9,806.013888,5.926062,0
56,807.471677,6.12201,0
56.1,808.843875,6.310701,0
56.2,810.107324,6.484614,0
56.3,811.240704,6.636815,0
56.4,812.224885,6.761235,0
56.5,813.04326,6.852916,0
56.6,813.682017,6.908202,0
56.7,814.130376,6.924888,0
56.8,814.380771,6.902311,0
56.9,814.428976,6.841368,0
57,814.274177,6.744491,0
57.1,813.918987,6.615542,0
57.2,813.369401,6.459661,0
57.3,812.634692,6.283063,0
57.4,811.727261,6.092787,0
57.5,810.66242,5.896421,0
57.6,809.458142,5.701792,0
57.7,808.134748,5.51666,0
57.8,806.714574,5.348404,0
57.9,805.221586,5.203734,0
58,803.68098,5.088417,0
58.1,802.118757,5.007049,0
58.2,800.561279,4.962875,0
58.3,799.034833,4.957657,0
58.4,797.565177,4.991601,0
58.5,796.177115,5.063354,0
58.6,794.894072,5.170057,0
58.7,793.7377,5.307455,0
58.8,792.727516,5.470071,0
58.9,791.880566,5.651421,0
59,791.211144,5.844276,0
59.1,790.730548,6.040947,0
59.2,790.446888,6.233594,0
59.3,790.364951,6.414536,0
59.4,790.486121,6.576559,0
59.5,790.808351,6.713206,0
59.6,791.326205,6.819027,0
59.7,792.030942,6.889803,0
59.8,792.91067,6.922715,0
59.9,793.950541,6.916448,0
60,795.133008,6.871254,0
60.1,796.438114,6.788933,0
60.2,797.843834,6.672768,0
60.3,799.326444,6.52739,0
60.4,800.860925,6.358595,0
60.5,802.42138,6.173111,0
60.6,803.981473,5.978335,0
60.7,805.514878,5.782029,0
60.8,806.995715,5.592022,0
60.9,808.398994,5.415887,0
61,809.701032,5.260648,0
61.1,810.879857,5.132491,0
61.2,811.915574,5.036528,0
61.3,812.790704,4.976583,0
61.4,813.490478,4.955047,0
61.5,814.003087,4.972777,0
61.6,814.31988,5.029068,0
61.7,814.43551,5.121674,0
61.8,814.348027,5.246905,0
61.9,814.058906,5.399767,0
62,813.573027,5.574167,0
62.1,812.89859,5.763151,0
62.2,812.046976,5.959186,0
62.3,811.032558,6.154455,0
62.4,809.872455,6.341176,0
62.5,808.586245,6.511902,0
62.6,807.195634,6.659829,0
62.7,805.724092,6.779058,0
62.8,804.196452,6.864836,0
62.9,802.638494,6.913745,0
63,801.076511,6.923833,0
63.1,799.536864,6.894699,0
63.2,798.045536,6.827504,0
63.3,796.627694,6.724927,0
63.4,795.307268,6.591058,0
63.5,794.106539,6.431232,0
63.6,793.045773,6.251823,0
63.7,792.142871,6.059983,0
63.8,791.41307,5.863359,0
63.9,790.868688,5.669791,0
64,790.518909,5.486995,0
64.1,790.369639,5.322259,0
64.2,790.423396,5.18215,0
64.3,790.679272,5.072255,0
64.4,791.13295,4.996953,0
64.5,791.776773,4.959248,0
64.6,792.599876,4.960643,0
64.7,793.588368,5.001081,0
64.8,794.725567,5.078951,0
64.9,795.992281,5.191148,0
65,797.367133,5.3332,0
65.1,798.826921,5.499443,0
65.2,800.347009,5.68325,0
65.3,801.901744,5.877292,0
65.4,803.464887,6.073834,0
65.5,805.010059,6.265041,0
65.6,806.511183,6.443289,0
65.7,807.942926,6.601473,0
65.8,809.281126,6.733286,0
65.9,810.503198,6.833473,0
66,811.588519,6.898041,0
66.1,812.518772,6.924414,0
66.2,813.278259,6.911541,0
66.3,813.854162,6.859937,0
66.4,814.236762,6.771657,0
66.5,814.419602,6.650222,0
66.6,814.399597,6.500473,0
66.7,814.177085,6.328379,0
66.8,813.755819,6.140802,0
66.9,813.142911,5.945219,0
67,812.348703,5.749429,0
67.1,811.386598,5.561236,0
67.2,810.272834,5.388143,0
67.3,809.026206,5.23705,0
67.4,807.667753,5.113983,0
67.5,1186.221187,198.039978,5
67.6,1199.829917,195.598662,5
67.7,1214.271108,193.469128,5
67.8,1229.418088,192.754784,5
67.9,1245.107008,193.893441,5
68,1261.14548,196.451395,5
68.1,1277.322705,199.327399,5
68.2,1293.420576,201.270592,5
68.3,1309.225165,201.468789,5
68.4,1324.537992,199.930462,5
68.5,1339.186476,197.480745,5
68.6,1353.033023,195.373359,5
68.7,1365.982278,194.700955,5
68.8,1377.986142,195.881225,5
68.9,1389.046307,198.46044,5
69,1399.214168,201.326847,5
69.1,1408.588115,203.233532,5
69.2,1417.308351,203.38486,5
69.3,1425.549507,201.810669,5
69.4,1433.511447,199.352226,5
69.5,1441.408741,197.266566,5
69.6,1449.459363,196.635278,5
69.7,1457.873212,197.85581,5
69.8,1466.841056,200.454543,5
69.9,1476.524486,203.309528,5
70,1487.047406,205.178153,5
70.1,1498.489506,205.281557,5
70.2,1510.882064,203.670936,5
70.3,1524.206301,201.203453,5
70.4,1538.394371,199.1391,5
70.5,1553.332928,198.548097,5
70.6,1568.869104,199.807542,5
70.7,1584.818554,202.424053,5
70.8,1600.975168,205.265805,5
70.9,1617.121924,207.09484,5
71,1633.042321,207.149291,5
71.1,1648.531777,205.501696,5
71.2,1663.40841,203.024873,5
71.3,1677.52261,200.981417,5
71.4,1690.764926,200.429873,5
71.5,1703.071823,201.726882,5
71.6,1714.429034,204.359442,5
71.7,1724.872309,207.18617,5
71.8,1734.485533,208.974113,5
71.9,1743.396306,208.978613,5
72,1751.769225,207.293529,5
72.1,1759.797215,204.807087,5
72.2,1767.691367,202.784128,5
72.3,1775.669819,202.271225,5
72.4,1783.946272,203.60446,5
72.5,1792.71873,206.251355,5
72.6,1802.159075,209.061294,5
72.7,1812.404014,210.806674,5
72.8,1823.547875,210.760259,5
72.9,1835.637647,209.037204,5
73,1848.670496,206.540891,5
73.1,1862.593921,204.538047,5
73.2,1877.308517,204.062979,5
73.3,1892.673211,205.431116,5
73.4,1908.512688,208.090653,5
73.5,1924.62663,210.882066,5
73.6,1940.800264,212.583452,5
73.7,1956.815671,212.485201,5
73.8,1972.463268,210.72373,5
73.9,1987.552842,208.217322,5
74,2001.923569,206.234236,5
74.1,2015.452487,205.796216,5
74.2,2028.060966,207.197949,5
74.3,2039.718857,209.868462,5
74.4,2050.446074,212.639649,5
74.5,2060.311545,214.295653,5
74.6,2069.429587,214.144688,5
74.7,2077.953881,212.3444,5
74.8,2086.069378,209.82771,5
74.9,2093.982561,207.864048,5
75,2101.910566,207.462312,5
75.1,2110.069751,208.896361,5
75.2,2118.664295,211.576213,5
75.3,2127.875452,214.325515,5
75.4,2137.851998,215.934795,5
75.5,2148.702398,215.730293,5
75.6,2160.489095,213.890831,5
75.7,2173.225218,211.363711,5
75.8,2186.873895,209.419174,5
75.9,2201.35019,209.052984,5
76,2216.525579,210.518097,5
76.1,2232.23472,213.20569,5
76.2,2248.284159,215.931491,5
76.3,2264.462519,217.492761,5
76.4,2280.551633,217.23395,5
76.5,2296.338035,215.355012,5
76.6,2311.624202,212.817358,5
76.7,2326.238957,210.891682,5
76.8,2340.046484,210.560333,5
76.9,2352.953482,212.055291,5
77,2364.914077,214.749065,5
77.1,2375.93224,217.449802,5
77.2,2386.06158,218.96183,5
77.3,2395.402513,218.648,5
77.4,2404.096982,216.729339,5
77.5,2412.320976,214.181095,5
77.6,2420.275262,212.274056,5
77.7,2428.174814,211.976878,5
77.8,2436.237485,213.500502,5
77.9,2444.672541,216.198944,5
78,2453.669632,218.873106,5
78.1,2463.388811,220.334724,5
78.2,2473.952097,219.965228,5
78.3,2485.437054,218.006656,5
78.4,2497.872703,215.447817,5
78.5,2511.237998,213.559236,5
78.6,2525.462927,213.2956,5
78.7,2540.432205,214.846752,5
78.8,2555.991345,217.548397,5
78.9,2571.954793,220.194531,5
79,2588.115702,221.604637,5
79.1,2604.256823,221.178895,5
79.2,2620.161952,219.180287,5
79.3,2635.627312,216.610906,5
79.4,2650.472289,214.74065,5
79.5,2664.548941,214.509972,5
79.6,2677.749793,216.087558,5
79.7,2690.013496,218.790996,5
79.8,2701.328057,221.407713,5
79.9,2711.731472,222.765272,5
80,2721.309725,222.282777,5
80.1,2730.192259,220.244076,5
80.2,2738.545158,217.664262,5
80.3,2746.5624,215.812252,5
80.4,2754.455642,215.613993,5
80.5,2762.443073,217.216972,5
80.6,2770.737918,219.920846,5
80.7,2779.537214,222.506824,5
80.8,2789.011428,223.810876,5
80.9,2799.295484,223.271193,5
81,2810.481652,221.192412,5
81.1,2822.614688,218.602338,5
81.2,2835.689484,216.768546,5
81.3,2849.651327,216.602219,5
81.4,2864.398791,218.2296,5
81.5,2879.789068,220.932618,5
81.6,2895.6455,223.486602,5
81.7,2911.766874,224.736261,5
81.8,2927.938025,224.139034,5
81.9,2943.941166,222.020259,5
82,2959.567359,219.420162,5
82.1,2974.627519,217.604618,5
82.2,2988.962372,217.469789,5
82.3,3002.450843,219.120638,5
82.4,3015.016434,221.821569,5
82.5,3026.631254,224.342377,5
82.6,3037.317486,225.536838,5
82.7,3047.146216,224.88179,5
82.8,3056.233698,222.723181,5
82.9,3064.735219,220.113366,5
83,3072.836933,218.31616,5
83.1,3080.746045,218.21245,5
83.2,3088.679909,219.885892,5
83.3,3096.854573,222.583569,5
83.4,3105.473401,225.070095,5
83.5,3114.716368,226.208633,5
83.6,3124.730573,225.49557,5
83.7,3135.6225,223.297366,5
83.8,3147.452404,220.678205,5
83.9,3160.231139,218.899489,5
84,3173.919588,218.826578,5
84.1,3188.43072,220.521798,5
84.2,3203.634177,223.215125,5
84.3,3219.363138,225.666338,5
84.4,3235.423105,226.748312,5
84.5,3251.602148,225.977124,5
84.6,3267.682063,223.739642,5
84.7,3283.449869,221.111581,5
84.8,3298.709021,219.351568,5
84.9,3313.289767,219.309196,5
85,3327.05808,221.025441,5
85.1,3339.922725,223.713391,5
85.2,3351.840059,226.12834,5
85.3,3362.816333,227.153195,5
85.4,3372.907359,226.323858,5
85.5,3382.215572,224.047497,5
85.6,3390.88464,221.41105,5
85.7,3399.091887,219.67002,5
85.8,3407.038964,219.657988,5
85.9,3414.941224,221.39457,5
86,3423.016378,224.076187,5
86.1,3431.473033,226.454004,5
86.2,3440.499704,227.42127,5
86.3,3450.254884,226.533846,5
86.4,3460.858696,224.219086,5
86.5,3472.38657,221.574844,5
86.6,3484.865268,219.853141,5
86.7,3498.271475,219.871313,5
86.8,3512.533024,221.627609,5
86.9,3527.532703,224.302012,5
87,3543.114423,226.641906,5
87.1,3559.091441,227.551202,5
87.2,3575.256195,226.605843,5
87.3,3591.391233,224.253245,5
87.4,3607.280672,221.601873,5
87.5,3622.721562,219.899907,5
87.6,3637.534577,219.94821,5
87.7,3651.573458,221.723663,5
87.8,3664.73272,224.390043,5
87.9,3676.953204,226.69131,5
88,3688.225193,227.542343,5
88.1,3698.588927,226.539288,5
88.2,3708.132477,224.149498,5
88.3,3716.987115,221.491732,5
88.4,3725.320395,219.809981,5
88.5,3733.327328,219.888404,5
88.6,3741.220113,221.682525,5
88.7,3749.216963,224.340149,5
88.8,3757.530609,226.602166,5
88.9,3766.357095,227.394731,5
89,3775.865459,226.334307,5
89.1,3786.188824,223.908053,5
89.2,3797.417389,221.244704,5
89.3,3809.59368,219.583712,5
89.4,3822.710309,219.69231,5
89.5,3836.710361,221.504675,5
89.6,3851.490395,224.152883,5
89.7,3866.905891,226.375111,5
89.8,3882.778861,227.109092,5
89.9,3898.907221,225.991715,5
90,3915.075438,223.529807,5
90.1,3931.06588,220.861761,5
90.2,3946.670279,219.222136,5
90.3,3961.700695,219.361026,5
90.4,3975.999421,221.191278,5
90.5,3989.447287,223.829486,5
90.6,4001.969933,226.011468,5
90.7,4013.541728,226.686836,5
90.8,4024.187122,225.51301,5
90.9,4033.979353,223.016339,5
91,4043.036594,220.344553,5
91.1,4051.515729,218.72697,5
91.2,4059.604088,218.896332,5
91.3,4067.509581,220.74418,5
91.4,4075.449751,223.371875,5
91.5,4083.640315,225.513236,5
91.6,4092.2838,226.130052,5
91.7,4101.55888,224.900366,5
91.8,4111.610966,222.369902,5
91.9,4122.544545,219.695405,5
92,4134.417679,218.100603,5
92.1,4147.238944,218.300677,5
92.2,4160.966984,220.165896,5
92.3,4175.512683,222.782639,5
92.4,4190.743862,224.883086,5
92.5,4206.492241,225.441493,5
92.6,4222.562298,224.156621,5
92.7,4238.741572,221.593416,5
92.8,4254.811847,218.917305,5
92.9,4270.560649,217.346084,5
93,4285.792436,217.57717,5
93.1,4300.338894,219.459597,5
93.2,4314.067804,222.065021,5
93.3,4326.890006,224.124338,5
93.4,4338.764093,224.624566,5
93.5,4349.698592,223.285267,5
93.6,4359.751516,220.690446,5
93.7,4369.027308,218.013887,5
93.8,4377.671341,216.467108,5
93.9,4385.862259,216.729564,5
94,4393.802574,218.629097,5
94.1,4401.707992,221.222904,5
94.2,4409.796061,223.240955,5
94.3,4418.274707,223.683315,5
94.4,4427.331285,222.290426,5
94.5,4437.122714,219.66519,5
94.6,4447.767209,216.989415,5
94.7,4459.338056,215.467995,5
94.8,4471.859754,215.762236,5
94.9,4485.306723,217.678833,5
95,4499.604651,220.260791,5
95.1,4514.634407,222.237515,5
95.2,4530.23832,222.622397,5
95.3,4546.228478,221.176836,5
95.4,4562.396626,218.522457,5
95.5,4578.525135,215.848758,5
95.6,4594.398464,214.353672,5
95.7,4609.814512,214.680165,5
95.8,4624.595261,216.613841,5
95.9,4638.596153,219.183784,5
96,4651.713703,221.119192,5
96.1,4663.890948,221.447065,5
96.2,4675.120449,219.949823,5
96.3,4685.444682,217.267642,5
96.4,4694.953802,214.597372,5
96.5,4703.780892,213.129645,5
96.6,4712.094956,213.488907,5
96.7,4720.092019,215.439733,5
96.8,4727.9848,217.997556,5
96.9,4735.99151,219.89173,5
97,4744.324362,220.163136,5
97.1,4753.178389,218.615278,5
97.2,4762.721177,215.9067,5
97.3,4773.084037,213.241267,5
97.4,4784.355089,211.801975,5
97.5,4796.57462,212.19457,5
97.6,4809.732964,214.162665,5
97.7,4823.77101,216.708323,5
97.8,4838.583316,218.561411,5
97.9,4854.023662,218.776964,5
98,4869.912751,217.179624,5
98.1,4886.04765,214.446116,5
98.2,4902.212483,211.786982,5
98.3,4918.189795,210.377243,5
98.4,4933.772009,210.80378,5
98.5,4948.772355,212.789312,5
98.6,4963.034709,215.322816,5
98.7,4976.441815,217.13503,5
98.8,4988.921462,217.29541,5
98.9,5000.450284,215.649785,5
99,5011.054991,212.892873,5
99.1,5020.810967,210.241547,5
99.2,5029.838294,208.862524,5
99.3,5038.29543,209.323649,5
99.4,5046.370864,211.32683,5
99.5,5054.273188,213.848243,5
99.6,5062.220112,215.619854,5
99.7,5070.426995,215.725804,5
99.8,5079.095506,214.033154,5
99.9,5088.403002,211.254417,5
100,5098.493185,208.612451,5
100.1,5109.468536,207.265343,5
100.2,5121.384917,207.76174,5
100.3,5134.248627,209.782823,5
100.4,5148.016074,212.292254,5
100.5,5162.596066,214.02359,5
100.6,5177.854619,214.075913,5
100.7,5193.62201,212.337554,5
100.8,5209.701717,209.538619,5
100.9,5225.88077,206.907608,5
101,5241.940965,205.593646,5
101.1,5257.670358,206.12603,5
101.2,5272.87443,208.165303,5
101.3,5287.386327,210.662907,5
101.4,5301.075651,212.354345,5
101.5,5313.855324,212.353899,5
101.6,5325.686181,210.571199,5
101.7,5336.579025,207.753737,5
101.8,5346.594064,205.135309,5
101.9,5355.837735,203.855753,5
102,5364.457103,204.424866,5
102.1,5372.632112,206.482648,5
102.2,5380.566111,208.96862,5
102.3,5388.475139,210.620587,5
102.4,5396.576553,210.568278,5
102.5,5405.077577,208.742653,5
102.6,5414.164388,205.908375,5
102.7,5423.992311,203.304189,5
102.8,5434.67764,202.060323,5
102.9,5446.291511,202.666929,5
103,5458.856157,204.743568,5
103.1,5472.343734,207.218135,5
103.2,5486.677793,208.831099,5
103.3,5501.7373,208.727882,5
103.4,5517.363017,206.860788,5
103.5,5533.365883,204.011441,5
103.6,5549.536975,201.42318,5
103.7,5565.658507,200.216305,5
103.8,5581.515308,200.861187,5
103.9,5596.906146,202.95705,5
104,5611.65433,205.420473,5
104.1,5625.617019,206.994939,5
104.2,5638.692738,206.841806,5
104.3,5650.826728,204.934739,5
104.4,5662.013829,202.072098,5
104.5,5672.29875,199.501466,5
104.6,5681.773715,198.332898,5
104.7,5690.573606,199.016849,5
104.8,5698.868861,201.132324,5
104.9,5706.856495,203.584887,5
105,5714.749722,205.121393,5
105.1,5722.766732,204.919374,5
105.2,5731.119194,202.97386,5
105.3,5740.001109,200.099723,5
105.4,5749.578594,197.548439,5
105.5,5759.981132,196.419502,5
105.6,5771.294754,197.143324,5
105.7,5783.557504,199.27881,5
105.8,5796.75744,201.720817,5
105.9,5810.833262,203.21993,5
106,5825.677537,202.970084,5
106.1,5841.142362,200.987676,5
106.2,5857.04715,198.103861,5
106.3,5873.188142,195.573651,5
106.4,5889.34914,194.485672,5
106.5,5905.312892,195.250169,5
106.6,5920.872534,197.406071,5
106.7,5935.842486,199.837844,5
106.8,5950.068225,201.300151,5
106.9,5963.434423,201.003561,5
107,5975.871022,198.985834,5
107.1,5987.356925,196.094171,5
107.2,5997.921103,193.586767,5
107.3,6007.641072,192.541069,5
107.4,6016.638812,193.347043,5
107.5,790.516356,6.400703,0
107.6,790.369159,6.218554,0
107.7,790.424998,6.0253,0
107.8,790.682929,5.828646,0
107.9,791.1386,5.636431,0
108,791.78432,5.456318,0
108.1,792.609194,5.295488,0
108.2,793.599299,5.160353,0
108.3,794.737926,5.0563,0
108.4,796.00586,4.987477,0
108.5,797.381703,4.956628,0
108.6,798.842236,4.964983,0
108.7,800.362811,5.012209,0
108.8,801.917765,5.096424,0
108.9,803.480858,5.214268,0
109,805.02571,5.361046,0
109.1,806.52625,5.530905,0
109.2,807.957155,5.717072,0
109.3,809.294275,5.912128,0
109.4,810.515047,6.108294,0
109.5,811.598867,6.297751,0
109.6,812.527446,6.472946,0
109.7,813.285111,6.626894,0
109.8,813.859077,6.753458,0
109.9,814.239657,6.847591,0
110,814.420428,6.905542,0
110.1,814.398341,6.925,0
110.2,814.173766,6.905188,0
110.3,813.750495,6.846898,0
110.4,813.135671,6.752453,0
110.5,812.339669,6.625618,0
110.6,811.375923,6.471449,0
110.7,810.260698,6.296093,0
110.8,809.012814,6.106541,0
110.9,807.653331,5.910349,0
111,806.205191,5.71534,0
111.1,804.692834,5.529287,0
111.2,803.141783,5.359607,0
111.3,801.578213,5.213067,0
111.4,800.028512,5.095506,0
111.5,798.518832,5.011613,0
111.6,797.074652,4.964732,0
111.7,795.720344,4.956732,0
111.8,794.478763,4.987932,0
111.9,793.370863,5.057087,0
112,792.41534,5.161441,0
112.1,791.62832,5.296835,0
112.2,791.023086,5.457869,0
112.3,790.609851,5.638124,0
112.4,790.395588,5.830414,0
112.5,790.383915,6.027073,0
112.6,790.575028,6.22026,0
112.7,790.965702,6.402275,0
112.8,791.549343,6.56586,0
112.9,792.316102,6.704494,0
113,793.253039,6.81265,0
113.1,794.344343,6.886016,0
113.2,795.571595,6.921667,0
113.3,796.914085,6.918183,0
113.4,798.349156,6.875702,0
113.5,799.85259,6.795917,0
113.6,801.399015,6.682009,0
113.7,802.962333,6.53852,0
113.8,804.516161,6.371169,0
113.9,806.034276,6.18663,0
114,807.491058,5.992258,0
114.1,808.861922,5.795802,0
114.2,810.123733,5.605096,0
114.3,811.255198,5.427741,0
114.4,812.23722,5.270808,0
114.5,813.053227,5.140553,0
114.6,813.689447,5.04217,0
114.7,814.135145,4.979581,0
114.8,814.382798,4.955281,0
114.9,814.428227,4.970238,0
115,814.270665,5.023857,0
115.1,813.91277,5.113999,0
115.2,813.360584,5.237071,0
115.3,812.623425,5.388167,0
115.4,811.713733,5.561263,0
115.5,810.646861,5.749458,0
115.6,809.440813,5.945249,0
115.7,808.115942,6.140831,0
115.8,806.694608,6.328406,0
115.9,805.200798,6.500497,0
116,803.65972,6.650243,0
116.1,802.097383,6.771673,0
116.2,800.540154,6.859947,0
116.3,799.014311,6.911546,0
116.4,797.545606,6.924413,0
116.5,796.158825,6.898034,0
116.6,794.877371,6.833461,0
116.7,793.72287,6.733269,0
116.8,792.714807,6.601451,0
116.9,791.870193,6.443264,0
117,791.203283,6.265013,0
117.1,790.72533,6.073805,0
117.2,790.444402,5.877262,0
117.3,790.365239,5.683221,0
117.4,790.489177,5.499416,0
117.5,790.814125,5.333177,0
117.6,791.334598,5.191129,0
117.7,792.041814,5.078937,0
117.8,792.923836,5.001072,0
117.9,793.965781,4.96064,0
118,795.150062,4.959251,0
118.1,796.456696,4.996962,0
118.2,797.86363,5.072269,0
118.3,799.34712,5.182169,0
118.4,800.882132,5.322282,0
118.5,802.442759,5.487021,0
118.6,804.002665,5.66982,0
118.7,805.535524,5.863389,0
118.8,807.015467,6.060013,0
118.9,808.417519,6.251852,0
119,809.718018,6.431258,0
119.1,810.895016,6.59108,0
119.2,811.92865,6.724945,0
119.3,812.801477,6.827517,0
119.4,813.498767,6.894706,0
119.5,814.008751,6.923834,0
119.6,814.322824,6.91374,0
119.7,814.435684,6.864826,0
119.8,814.345428,6.779042,0
119.9,814.053578,6.659808,0
120,813.56506,6.511878,0
120.1,812.888118,6.341148,0
120.2,812.034176,6.154427,0
120.3,811.017646,5.959156,0
120.4,809.855682,5.763122,0
120.5,808.567895,5.574139,0
120.6,807.176018,5.399743,0
120.7,805.703539,5.246884,0
120.8,804.175309,5.121658,0
120.9,802.617118,5.029056,0
121,801.055263,4.972771,0
121.1,799.516103,4.955047,0
121.2,798.025611,4.976589,0
121.3,796.608943,5.03654,0
121.4,795.290006,5.132508,0
121.5,794.091058,5.260669,0
121.6,793.032334,5.415913,0
121.7,792.131701,5.59205,0
121.8,791.404358,5.782059,0
121.9,790.86258,5.978364,0
122,790.515509,6.17314,0
122.1,790.369004,6.358622,0
122.2,790.425536,6.527414,0
122.3,790.684152,6.672788,0
122.4,791.140487,6.788948,0
122.5,1195.582477,204.200295,5
122.6,1211.517395,204.346567,5
122.7,1227.669228,206.249474,5
122.8,1243.821208,209.115907,5
122.9,1259.756556,211.699579,5
123,1275.269905,212.887174,5
123.1,1290.178112,212.221946,5
123.2,1304.329908,210.118531,5
123.3,1317.613858,207.667927,5
123.4,1329.964236,206.124377,5
123.5,1341.364486,206.315474,5
123.6,1351.84809,208.252921,5
123.7,1361.496808,211.127022,5
123.8,1370.436373,213.687491,5
123.9,1378.829864,214.831471,5
124,1386.869123,214.122222,5
124.1,1394.764647,211.994517,5
124.2,1402.734502,209.550158,5
124.3,1410.992843,208.039774,5
124.4,1419.738626,208.274624,5
124.5,1429.145139,210.245044,5
124.6,1439.35087,213.124985,5
124.7,1450.452214,215.660512,5
124.8,1462.498396,216.759539,5
124.9,1475.48888,216.005455,5
125,1489.373397,213.853048,5
125.1,1504.054589,211.414614,5
125.2,1519.393143,209.936811,5
125.3,1535.215121,210.214339,5
125.4,1551.321127,212.216167,5
125.5,1567.496806,215.100126,5
125.6,1583.524131,217.608987,5
125.7,1599.192891,218.661746,5
125.8,1614.311758,217.862036,5
125.9,1628.718366,215.684536,5
126,1642.287863,213.251714,5
126.1,1654.939483,211.805912,5
126.2,1666.640803,212.125042,5
126.3,1677.409449,214.156717,5
126.4,1687.312171,217.042886,5
126.5,1696.46132,219.523379,5
126.6,1705.008941,220.528583,5
126.7,1713.138756,219.682487,5
126.8,1721.056493,217.479522,5
126.9,1728.97905,215.052019,5
127,1737.123069,213.637645,5
127.1,1745.693531,213.997307,5
127.2,1754.872956,216.057278,5
127.3,1764.811792,218.943866,5
127.4,1775.620491,221.39432,5
127.5,1787.36369,222.350715,5
127.6,1800.056812,221.457504,5
127.7,1813.665247,219.228733,5
127.8,1828.10618,216.806273,5
127.9,1843.252949,215.422768,5
128,1858.941719,215.821905,5
128.1,1874.980109,217.908636,5
128.2,1891.157324,220.793877,5
128.3,1907.255257,223.212651,5
128.4,1923.059979,224.119022,5
128.5,1938.373001,223.178007,5
128.6,1953.021731,220.923123,5
128.7,1966.868565,218.505455,5
128.8,1979.81813,217.152278,5
128.9,1991.822312,217.589849,5
129,2002.882786,219.701825,5
129.1,2013.050931,222.583982,5
129.2,2022.425122,224.969473,5
129.3,2031.145548,225.824649,5
129.4,2039.386831,224.835187,5
129.5,2047.34883,222.553919,5
129.6,2055.246109,220.140822,5
129.7,2063.296644,218.817457,5
129.8,2071.710338,219.292441,5
129.9,2080.677968,221.428173,5
130,2090.361137,224.305541,5
130.1,2100.883761,226.656191,5
130.2,2112.325546,227.45905,5
130.3,2124.717787,226.420542,5
130.4,2138.041722,224.112663,5
130.5,2152.22952,221.703953,5
130.6,2167.16785,220.409909,5
130.7,2182.703856,220.921313,5
130.8,2198.653202,223.079341,5
130.9,2214.809783,225.950256,5
131,2230.956578,228.264555,5
131.1,2246.877086,229.014027,5
131.2,2262.366718,227.925931,5
131.3,2277.243582,225.591261,5
131.4,2291.358057,223.18679,5
131.5,2304.600677,221.921609,5
131.6,2316.907891,222.468469,5
131.7,2328.265416,224.64737,5
131.8,2338.708985,227.510213,5
131.9,2348.322467,229.786701,5
132,2357.233449,230.481776,5
132.1,2365.606517,229.343605,5
132.2,2373.634587,226.982015,5
132.3,2381.528747,224.581679,5
132.4,2389.507135,223.344941,5
132.5,2397.783454,223.926329,5
132.6,2406.555716,226.124718,5
132.7,2415.995814,228.977916,5
132.8,2426.240465,231.215192,5
132.9,2437.384017,231.854922,5
133,2449.47347,230.666251,5
133.1,2462.50601,228.277667,5
133.2,2476.429152,225.881409,5
133.3,2491.143506,224.672733,5
133.4,2506.50801,225.287761,5
133.5,2522.347361,227.504298,5
133.6,2538.461247,230.34633,5
133.7,2554.634897,232.543056,5
133.8,2570.650393,233.126557,5
133.9,2586.298146,231.887026,5
134,2601.387935,229.471434,5
134.1,2615.758925,227.079248,5
134.2,2629.288139,225.898298,5
134.3,2641.896934,226.54612,5
134.4,2653.555141,228.779512,5
134.5,2664.282659,231.608916,5
134.6,2674.148402,233.763815,5
134.7,2683.26667,234.290276,5
134.8,2691.791132,232.999594,5
134.9,2699.906733,230.557042,5
135,2707.819947,228.168975,5
135.1,2715.747911,227.015463,5
135.2,2723.906983,227.695279,5
135.3,2732.50135,229.944286,5
135.4,2741.712275,232.759658,5
135.5,2751.688544,234.871525,5
135.6,2762.53864,235.340206,5
135.7,2774.325019,233.998155,5
135.8,2787.060829,231.528756,5
135.9,2800.709213,229.144913,5
136,2815.185251,228.018601,5
136.1,2830.360433,228.729663,5
136.2,2846.069426,230.993098,5
136.3,2862.118786,233.793099,5
136.4,2878.297139,235.8608,5
136.5,2894.386319,236.27104,5
136.6,2910.172856,234.877476,5
136.7,2925.459221,232.381412,5
136.8,2940.074225,230.001959,5
136.9,2953.882039,228.902663,5
137,2966.789348,229.644274,5
137.1,2978.750261,231.921009,5
137.2,2989.768733,234.704367,5
137.3,2999.898355,236.726843,5
137.4,3009.23953,237.078057,5
137.5,3017.934187,235.632915,5
137.6,3026.158305,233.11044,5
137.7,3034.112646,230.735603,5
137.8,3042.012179,229.663196,5
137.9,3050.07476,230.434716,5
138,3058.509659,232.723683,5
138.1,3067.506534,235.489194,5
138.2,3077.225449,237.465465,5
138.3,3087.788437,237.757154,5
138.4,3099.273079,236.260448,5
138.5,3111.708412,233.711887,5
138.6,3125.073406,231.341958,5
138.7,3139.298064,230.296372,5
138.8,3154.267118,231.097217,5
138.9,3169.826091,233.397413,5
139,3185.789438,236.143946,5
139.1,3201.950316,238.073111,5
139.2,3218.091481,238.304857,5
139.3,3233.996723,236.756683,5
139.4,3249.462262,234.182439,5
139.5,3264.307472,231.817776,5
139.6,3278.384401,230.799001,5
139.7,3291.585559,231.62865,5
139.8,3303.849579,233.939136,5
139.9,3315.164453,236.665633,5
140,3325.568161,238.546873,5
140.1,3335.14667,238.718346,5
140.2,3344.02941,237.118884,5
140.3,3352.382454,234.519434,5
140.4,3360.399774,232.160465,5
140.5,3368.293021,231.168555,5
140.6,3376.280384,232.026546,5
140.7,3384.575092,234.34645,5
140.8,3393.37419,237.051929,5
140.9,3402.848155,238.88451,5
141,3413.131923,238.995465,5
141.1,3424.317778,237.344981,5
141.2,3436.450497,234.72088,5
141.3,3449.524985,232.3681,5
141.4,3463.486547,231.403172,5
141.5,3478.23377,232.289107,5
141.6,3493.62386,234.617625,5
141.7,3509.480169,237.301182,5
141.8,3525.60149,239.084453,5
141.9,3541.772661,239.134736,5
142,3557.775894,237.433579,5
142.1,3573.402246,234.785462,5
142.2,3588.462623,232.439435,5
142.3,3602.79774,231.501671,5
142.4,3616.286509,232.415215,5
142.5,3628.852416,234.751613,5
142.6,3640.467553,237.41242,5
142.7,3651.154084,239.145818,5
142.8,3660.983084,239.135362,5
142.9,3670.070789,237.38397,5
143,3678.572477,234.712549,5
143.1,3686.67429,232.373911,5
143.2,3694.583431,231.463555,5
143.3,3702.51725,232.404438,5
143.4,3710.691798,234.748051,5
143.5,3719.310447,237.385361,5
143.6,3728.553178,239.068407,5
143.7,3738.567106,238.997235,5
143.8,3749.458728,237.19613,5
143.9,3761.288314,234.502197,5
144,3774.066736,232.171653,5
144.1,3787.754893,231.289015,5
144.2,3802.26577,232.257031,5
144.3,3817.469022,234.607265,5
144.4,3833.197839,237.220408,5
144.5,3849.257731,238.85271,5
144.6,3865.43677,238.720934,5
144.7,3881.516754,236.870727,5
144.8,3897.284698,234.155151,5
144.9,3912.54405,231.833476,5
145,3927.125047,230.978929,5
145.1,3940.893649,231.973936,5
145.2,3953.758605,234.330266,5
145.3,3965.676258,236.918651,5
145.4,3976.652839,238.499904,5
145.5,3986.744145,238.307725,5
145.6,3996.052598,236.40911,5
145.7,4004.721851,233.672838,5
145.8,4012.92922,231.360876,5
145.9,4020.876349,230.534857,5
146,4028.778587,231.556777,5
146.1,4036.853647,233.918747,5
146.2,4045.310143,236.481862,5
146.3,4054.336595,238.011844,5
146.4,4064.091509,237.759552,5
146.5,4074.695023,235.813307,5
146.6,4086.222581,233.057363,5
146.7,4098.700963,230.756026,5
146.8,4112.106869,229.959033,5
146.9,4126.368151,231.007851,5
147,4141.367608,233.375074,5
147.1,4156.949163,235.912481,5
147.2,4172.926083,237.391058,5
147.3,4189.090809,237.079027,5
147.4,4205.225894,235.086015,5
147.5,4221.11545,232.311497,5
147.6,4236.556521,230.021761,5
147.7,4251.369772,229.254355,5
147.8,4265.408932,230.330115,5
147.9,4278.5685,232.702273,5
148,4290.789302,235.213612,5
148.1,4302.061604,236.640729,5
148.2,4312.425628,236.269419,5
148.3,4321.969432,234.230583,5
148.4,4330.824274,231.438662,5
148.5,4339.157697,229.16157,5
148.6,4347.164703,228.424369,5
148.7,4355.057491,229.527177,5
148.8,4363.05427,231.904014,5
148.9,4371.367775,234.389,5
149,4380.194061,235.764684,5
149.1,4389.702173,235.334639,5
149.2,4400.025248,233.250999,5
149.3,4411.253501,230.442919,5
149.4,4423.429475,228.179573,5
149.5,4436.545796,227.473253,5
149.6,4450.545568,228.60327,5
149.7,4465.325364,230.984596,5
149.8,4480.740677,233.443014,5
149.9,4496.613526,234.767372,5
150,4512.741836,234.279215,5
150.1,4528.910077,232.151871,5
150.2,4544.900614,229.32894,5
150.3,4560.505174,227.080503,5
150.4,4575.53581,226.405793,5
150.5,4589.834803,227.563238,5
150.6,4603.282968,229.948923,5
150.7,4615.805929,232.380627,5
150.8,4627.378041,233.653842,5
150.9,4638.023734,233.108275,5
151,4647.816232,230.938398,5
151.1,4656.873695,228.101991,5
151.2,4665.352993,225.869684,5
151.3,4673.441448,225.227365,5
151.4,4681.346966,226.412506,5
151.5,4689.287088,228.802479,5
151.6,4697.477533,231.207392,5
151.7,4706.120835,232.429719,5
151.8,4715.395679,231.827519,5
151.9,4725.447486,229.616352,5
152,4736.380758,226.767906,5
152.1,4748.253574,224.553001,5
152.2,4761.074527,223.943902,5
152.3,4774.802277,225.157057,5
152.4,4789.347723,227.551302,5
152.5,4804.5787,229.92941,5
152.6,4820.326937,231.101176,5
152.7,4836.396922,230.44319,5
152.8,4852.576195,228.192042,5
152.9,4868.646542,225.333053,5
153,4884.395486,223.136871,5
153.1,4899.627475,222.561866,5
153.2,4914.174186,223.8034,5
153.3,4927.903387,226.201953,5
153.4,4940.725901,228.553302,5
153.5,4952.600306,229.6749,5
153.6,4963.535111,228.962046,5
153.7,4973.588314,226.672288,5
153.8,4982.864344,223.804306,5
153.9,4991.508559,221.628214,5
154,4999.699596,221.088218,5
154.1,5007.639958,222.358538,5
154.2,5015.545352,224.761483,5
154.3,5023.633325,227.086177,5
154.4,5032.111807,228.158064,5
154.5,5041.168165,227.39132,5
154.6,5050.959326,225.064385,5
154.7,5061.603521,222.189008,5
154.8,5073.174053,220.034417,5
154.9,5085.695435,219.530381,5
155,5099.142105,220.829932,5
155.1,5113.439766,223.237399,5
155.2,5128.469303,225.535595,5
155.3,5144.073054,226.558286,5
155.4,5160.063117,225.738693,5
155.5,5176.231241,223.376065,5
155.6,5192.3598,220.494941,5
155.7,5208.233249,218.363296,5
155.8,5223.649481,217.896204,5
155.9,5238.430468,219.225465,5
156,5252.43164,221.637625,5
156.1,5265.549497,223.909527,5
156.2,5277.727059,224.883592,5
156.3,5288.956873,224.012246,5
156.4,5299.281396,221.615463,5
156.5,5308.790768,218.730277,5
156.6,5317.618059,216.623058,5
156.7,5325.932263,216.193923,5
156.8,5333.929397,217.553403,5
156.9,5341.822175,219.970461,5
157,5349.828812,222.21632,5
157.1,5358.161521,223.14238,5
157.2,5367.015344,222.220428,5
157.3,5376.557879,219.79107,5
157.4,5386.920448,216.903545,5
157.5,5398.191187,214.822259,5
157.6,5410.4104,214.432118,5
157.7,5423.568438,215.82235,5
157.8,5437.606205,218.244545,5
157.9,5452.418276,220.464651,5
158,5467.85844,221.343374,5
158.1,5483.747412,220.372007,5
158.2,5499.882265,217.911696,5
158.3,5516.047125,215.023588,5
158.4,5532.024535,212.969765,5
158.5,5547.606913,212.619672,5
158.6,5562.607481,214.04121,5
158.7,5576.870103,216.468808,5
158.8,5590.27751,218.663487,5
158.9,5602.757473,219.495579,5
159,5614.28661,218.476032,5
159.1,5624.891616,215.986426,5
159.2,5634.647857,213.099515,5
159.3,5643.675403,211.074702,5
159.4,5652.132699,210.765725,5
159.5,5660.208227,212.21914,5
159.6,5668.110573,214.652429,5
159.7,5676.057445,216.822037,5
159.8,5684.264206,217.608242,5
159.9,5692.932532,216.541783,5
160,5702.239789,214.024569,5
160.1,5712.329691,211.140657,5
160.2,5723.304735,209.146414,5
160.3,5735.220798,208.879631,5
160.4,5748.084196,210.365503,5
160.5,5761.851354,212.804788,5
160.6,5776.431095,214.949706,5
160.7,5791.689449,215.690799,5
160.8,5807.456701,214.57873,5
160.9,5823.536339,212.035619,5
161,5839.715395,209.156524,5
161.1,5855.775665,207.194418,5
161.2,5871.505203,206.970908,5
161.3,5886.70948,208.489823,5
161.4,5901.221632,210.935422,5
161.5,5914.911247,213.056053,5
161.6,5927.691234,213.752835,5
161.7,5939.522408,212.59648,5
161.8,5950.415558,210.029204,5
161.9,5960.430874,207.156751,5
162,5969.67478,205.228351,5
162.1,5978.294328,205.049192,5
162.2,5986.469453,206.601737,5
162.3,5994.403496,209.053975,5
162.4,6002.312496,211.150737,5
162.5,809.730742,5.518267,0
162.6,810.906368,5.703519,0
162.7,811.938438,5.898199,0
162.8,812.809536,6.094545,0
162.9,813.504961,6.28473,0
163,814.012975,6.461172,0
163.1,814.325007,6.616836,0
163.2,814.43579,6.745517,0
163.3,814.343454,6.842084,0
163.4,814.049558,6.902689,0
163.5,813.559061,6.924914,0
163.6,812.880242,6.907873,0
163.7,812.024556,6.852247,0
163.8,811.006444,6.760252,0
163.9,809.843088,6.635556,0
164,808.554121,6.483131,0
164.1,807.161295,6.309052,0
164.2,805.688117,6.120261,0
164.3,804.159448,5.924283,0
164.4,802.601086,5.728932,0
164.5,801.03933,5.541996,0
164.6,799.500537,5.370926,0
164.7,798.010677,5.222544,0
164.8,796.594891,5.102765,0
164.9,795.277074,5.016363,0
165,794.079465,4.966784,0
165.1,793.022275,4.956004,0
165.2,792.123345,4.984453,0
165.3,791.397846,5.050996,0
165.4,790.858023,5.152982,0
165.5,790.512983,5.286343,0
165.6,790.368552,5.445763,0
165.7,790.427166,5.624887,0
165.8,790.687836,5.816574,0
165.9,791.146163,6.013181,0
166,791.794413,6.206871,0
166.1,792.621644,6.389921,0
166.2,793.613897,6.555035,0
166.3,794.754426,6.695629,0
166.4,796.023983,6.806098,0
166.5,797.401144,6.882039,0
166.6,798.862666,6.920424,0
166.7,800.383885,6.919722,0
166.8,801.939129,6.879962,0
166.9,803.50215,6.802729,0
167,805.046571,6.691101,0
167.1,806.546328,6.549529,0
167.2,807.97611,6.383657,0
167.3,809.311789,6.200099,0
167.4,810.530824,6.00617,0
167.5,811.61264,5.809604,0
167.6,812.538982,5.618236,0
167.7,813.294217,5.439696,0
167.8,813.865599,5.281102,0
167.9,814.243484,5.148775,0
168,814.421497,5.047993,0
168.1,814.396632,4.982772,0
168.2,814.169309,4.955712,0
168.3,813.743365,4.967893,0
168.4,813.125988,5.018829,0
168.5,812.327597,5.106489,0
168.6,811.361666,5.227378,0
168.7,810.244495,5.376678,0
168.8,808.99494,5.548435,0
168.9,807.634087,5.735803,0
169,806.184902,5.931311,0
169.1,804.671842,6.127166,0
169.2,803.120442,6.315559,0
169.3,801.556884,6.48898,0
169.4,800.007555,6.640515,0
169.5,798.498601,6.764122,0
169.6,797.055488,6.854874,0
169.7,795.70257,6.909153,0
169.8,794.462679,6.924795,0
169.9,793.35674,6.901177,0
170,792.403417,6.839239,0
170.1,791.618799,6.741451,0
170.2,791.016126,6.611712,0
170.3,790.60557,6.455194,0
170.4,790.394059,6.278137,0
170.5,790.385164,6.0876,0
170.6,790.579033,5.891178,0
170.7,790.972395,5.696702,0
170.8,791.558612,5.511926,0
170.9,792.32779,5.344216,0
171,793.26695,5.200258,0
171.1,794.36024,5.085791,0
171.2,795.589212,5.005379,0
171.3,796.933123,4.962227,0
171.4,798.369295,4.958056,0
171.5,799.87349,4.993032,0
171.6,801.420323,5.06576,0
171.7,802.983688,5.173342,0
171.8,804.537204,5.311488,0
171.9,806.054652,5.474691,0
172,807.510423,5.656444,0
172.1,808.879949,5.849501,0
172.2,810.140118,6.046167,0
172.3,811.269664,6.2386,0
172.4,812.249523,6.419129,0
172.5,813.063159,6.580556,0
172.6,813.696842,6.716447,0
172.7,814.139877,6.821383,0
172.8,814.384787,6.891181,0
172.9,814.42744,6.923058,0
173,814.267114,6.915744,0
173.1,813.906517,6.86953,0
173.2,813.351733,6.786259,0
173.3,812.612126,6.66925,0
173.4,811.700177,6.523168,0
173.5,810.631276,6.353838,0
173.6,809.423462,6.168008,0
173.7,808.097118,5.973089,0
173.8,806.674629,5.776851,0
173.9,805.18,5.587116,0
174,803.638456,5.411451,0
174.1,802.076011,5.256856,0
174.2,800.519034,5.129497,0
174.3,798.9938,5.03445,0
174.4,797.52605,4.975504,0
174.5,796.140554,4.95501,0
174.6,794.860693,4.973784,0
174.7,793.708068,5.031078,0
174.8,792.702129,5.124608,0
174.9,791.859854,5.250645,0
175,791.195457,5.404164,0
175.1,790.720149,5.579046,0
175.2,790.441954,5.768317,0
175.3,790.365565,5.964433,0
175.4,790.492271,6.159576,0
175.5,790.819935,6.345964,0
175.6,791.343027,6.516168,0
175.7,792.052718,6.663401,0
175.8,792.937033,6.781795,0
175.9,793.981046,6.86663,0
176,795.16714,6.914522,0
176.1,796.475296,6.923564,0
176.2,797.88344,6.893393,0
176.3,799.367806,6.825214,0
176.4,800.903343,6.721745,0
176.5,802.464139,6.587109,0
176.6,804.023852,6.426676,0
176.7,805.556161,6.24684,0
176.8,807.035205,6.054771,0
176.9,808.436025,5.858127,0
177,809.73498,5.664747,0
177.1,810.910148,5.482341,0
177.2,811.941697,5.318179,0
177.3,812.812218,5.178808,0
177.4,813.507021,5.069783,0
177.5,814.014379,4.995451,0
177.6,814.32573,4.958775,0
177.7,814.43582,4.961218,0
177.8,814.342791,5.002681,0
177.9,814.048213,5.081512,0
178,813.557057,5.194569,0
178.1,812.877613,5.337343,0
178.2,812.021346,5.504144,0
178.3,811.002707,5.688321,0
178.4,809.838887,5.882531,0
178.5,808.549527,6.079033,0
178.6,807.156386,6.269991,0
178.7,805.682975,6.447794,0
178.8,804.15416,6.605353,0
178.9,802.595741,6.736386,0
179,801.03402,6.83567,0
179.1,799.49535,6.899247,0
179.2,798.0057,6.924581,0
179.3,796.59021,6.910663,0
179.4,795.272766,6.858048,0
179.5,794.075604,6.768833,0
179.6,793.018925,6.646575,0
179.7,792.120564,6.496148,0
179.8,791.39568,6.32355,0
179.9,790.856508,6.13566,0
180,790.512146,5.93997,0
180.1,790.368406,5.744282,0
180.2,790.427714,5.556396,0
180.3,790.689069,5.383803,0
180.4,791.14806,5.233384,0
180.5,791.796941,5.111135,0
180.6,792.624761,5.021931,0
180.7,793.617551,4.969327,0
180.8,794.758555,4.955421,0
180.9,796.028517,4.980767,0
181,797.406007,5.044354,0
181.1,798.867775,5.143649,0
181.2,800.389155,5.274691,0
181.3,801.94447,5.432257,0
181.4,803.507472,5.610065,0
181.5,805.051785,5.801026,0
181.6,806.551345,5.997528,0
181.7,807.980847,6.191737,0
181.8,809.316164,6.375909,0
181.9,810.534764,6.542704,0
182,811.616079,6.68547,0
182.1,812.541862,6.798517,0
182.2,813.296488,6.877337,0
182.3,813.867223,6.918789,0
182.4,814.244435,6.92122,0
182.5,814.421758,6.884532,0
