Time [s],Motor speed [rpm],Torque [Nm],Run trigger [V]
0,800,4,0
0.1,801.55561,4.198669,0
0.2,803.084967,4.389418,0
0.3,804.562261,4.564642,0
0.4,805.962562,4.717356,0
0.5,807.262237,4.841471,0
0.6,808.439353,4.932039,0
0.7,809.474045,4.98545,0
0.8,810.348851,4.999574,0
0.9,811.049007,4.973848,0
1,811.562698,4.909297,0
1.1,811.881255,4.808496,0
1.2,811.999301,4.675463,0
1.3,811.914844,4.515501,0
1.4,811.62931,4.334988,0
1.5,811.147517,4.14112,0
1.6,810.477596,3.941626,0
1.7,809.630853,3.744459,0
1.8,808.621578,3.55748,0
1.9,807.466803,3.388142,0
2,806.186016,3.243198,0
2.1,804.800834,3.128424,0
2.2,803.334631,3.048398,0
2.3,801.812153,3.006309,0
2.4,800.259092,3.003835,0
2.5,798.701658,3.041076,0
2.6,797.166136,3.116545,0
2.7,795.678439,3.227236,0
2.8,794.263673,3.368733,0
2.9,792.945715,3.535398,0
3,791.746806,3.720585,0
3.1,790.68718,3.916911,0
3.2,789.784719,4.116549,0
3.3,789.054654,4.311541,0
3.4,788.509304,4.494113,0
3.5,788.157874,4.656987,0
3.6,788.006294,4.793668,0
3.7,788.057122,4.898708,0
3.8,788.309501,4.96792,0
3.9,788.759171,4.998543,0
4,789.398544,4.989358,0
4.1,790.216829,4.940731,0
4.2,791.200218,4.854599,0
4.3,792.332113,4.734397,0
4.4,793.593413,4.584917,0
4.5,794.962832,4.412118,0
4.6,796.417259,4.22289,0
4.7,797.932149,4.024775,0
4.8,799.481937,3.825673,0
4.9,801.040468,3.633521,0
5,802.58144,3.455979,0
5.1,804.078847,3.300125,0
5.2,805.507418,3.172174,0
5.3,806.843045,3.077225,0
5.4,808.063187,3.019064,0
5.5,809.147253,3.00001,0
5.6,810.076948,3.020822,0
5.7,810.836583,3.080671,0
5.8,811.413337,3.177171,0
5.9,811.797477,3.306475,0
6,811.98252,3.463427,0
6.1,811.965344,3.641771,0
6.2,811.746238,3.834396,0
6.3,811.3289,4.033623,0
6.4,810.720373,4.23151,0
6.5,809.930927,4.420167,0
6.6,808.973885,4.592074,0
6.7,807.865397,4.740376,0
6.8,806.624171,4.859162,0
6.9,805.271154,4.943696,0
7,803.82918,4.990607,0
7.1,802.322584,4.998027,0
7.2,800.776792,4.965658,0
7.3,799.21789,4.894791,0
7.4,797.672188,4.788252,0
7.5,796.16577,4.650288,0
7.6,794.724059,4.486399,0
7.7,793.371386,4.303118,0
7.8,792.130579,4.107754,0
7.9,791.022578,3.908093,0
8,790.066082,3.712097,0
8.1,789.277233,3.527578,0
8.2,788.669344,3.361893,0
8.3,788.252673,3.221648,0
8.4,788.034253,3.112433,0
8.5,788.017769,3.038603,0
8.6,788.203499,3.0031,0
8.7,788.58831,3.007341,0
8.8,789.165707,3.051156,0
8.9,789.925946,3.132798,0
9,790.856197,3.249013,0
9.1,791.940761,3.395167,0
9.2,793.161334,3.565434,0
9.3,794.497317,3.753026,0
9.4,795.926165,3.950464,0
9.5,797.423765,4.149877,0
9.6,798.964841,4.343315,0
9.7,800.523387,4.523066,0
9.8,802.0731,4.681964,0
9.9,803.587826,4.813674,0
10,1184.768033,188.095563,5
10.1,1194.982614,189.219508,5
10.2,1206.093454,188.462366,5
10.3,1218.147381,186.283639,5
10.4,1231.141557,183.811411,5
10.5,1245.023619,182.311783,5
10.6,1259.694445,182.593405,5
10.7,1275.013371,184.627141,5
10.8,1290.805598,187.559774,5
10.9,1306.871399,190.115275,5
11,1322.99664,191.194935,5
11.1,1338.964057,190.3941,5
11.2,1354.564696,188.192478,5
11.3,1369.608922,185.728518,5
11.4,1383.936405,184.263975,5
11.5,1397.424561,184.59048,5
11.6,1409.995014,186.657217,5
11.7,1421.61772,189.594815,5
11.8,1432.31255,192.124223,5
11.9,1442.148244,193.15826,5
12,1451.238788,192.312926,5
12.1,1459.737418,190.087999,5
12.2,1467.828539,187.631972,5
12.3,1475.718021,186.201897,5
12.4,1483.622355,186.572164,5
12.5,1491.757247,188.670288,5
12.6,1500.326262,191.610994,5
12.7,1509.5101,194.112569,5
12.8,1519.45708,195.099665,5
12.9,1530.275331,194.209047,5
13,1542.027089,191.96042,5
13.1,1554.725431,189.512,5
13.2,1568.333577,188.115778,5
13.3,1582.766829,188.528684,5
13.4,1597.897035,190.656585,5
13.5,1613.559336,193.598551,5
13.6,1629.56085,196.070571,5
13.7,1645.690826,197.009435,5
13.8,1661.731751,196.072774,5
13.9,1677.470801,193.800076,5
14,1692.71105,191.358948,5
14.1,1707.281844,189.995969,5
14.2,1721.047786,190.450394,5
14.3,1733.915868,192.60647,5
14.4,1745.840371,195.547867,5
14.5,1756.825272,197.988637,5
14.6,1766.924033,198.878009,5
14.7,1776.236787,197.894579,5
14.8,1784.905063,195.597463,5
14.9,1793.104334,193.163331,5
15,1801.034775,191.832995,5
15.1,1808.910716,192.32783,5
15.2,1816.949362,194.510492,5
15.3,1825.359345,197.449512,5
15.4,1834.329742,199.857368,5
15.5,1844.020113,200.696027,5
15.6,1854.5521,199.665138,5
15.7,1866.003019,197.343288,5
15.8,1878.401789,194.915878,5
15.9,1891.727408,193.617603,5
16,1905.910059,194.151752,5
16.1,1920.834787,196.359431,5
16.2,1936.347557,199.294293,5
16.3,1952.263359,201.667609,5
16.4,1968.375959,202.454375,5
16.5,1984.468759,201.375379,5
16.6,2000.326202,199.028516,5
16.7,2015.745127,196.607582,5
16.8,2030.545469,195.340806,5
16.9,2044.579742,195.913192,5
17,2057.740805,198.144343,5
17.1,2069.967511,201.073301,5
17.2,2081.247917,203.410492,5
17.3,2091.619924,204.144231,5
17.4,2101.169273,203.016527,5
17.5,2110.025033,200.644413,5
17.6,2118.352803,198.229742,5
17.7,2126.345988,196.99393,5
17.8,2134.215617,197.603502,5
17.9,2142.179224,199.856608,5
18,2150.449395,202.77795,5
18.1,2159.22257,205.077478,5
18.2,2168.668696,205.757112,5
18.3,2178.92228,204.580151,5
18.4,2190.075299,202.182593,5
18.5,2202.172362,199.774007,5
18.6,2215.208358,198.568653,5
18.7,2229.128722,199.214389,5
18.8,2243.832315,201.487967,5
18.9,2259.176746,204.400029,5
19,2274.985873,206.660408,5
19.1,2291.05908,207.284913,5
19.2,2307.181843,206.058202,5
19.3,2323.137027,203.635055,5
19.4,2338.716324,201.23242,5
19.5,2353.731222,200.057054,5
19.6,2368.022935,200.737965,5
19.7,2381.470764,203.030572,5
19.8,2393.998457,205.931734,5
19.9,2405.578222,208.151535,5
20,2416.23219,208.719949,5
20.1,2426.031255,207.443053,5
20.2,2435.091332,204.994229,5
20.3,2443.56726,202.597455,5
20.4,2451.644642,201.451646,5
20.5,2459.53007,202.166781,5
20.6,2467.440248,204.477016,5
20.7,2475.590576,207.365711,5
20.8,2484.183804,209.543564,5
20.9,2493.399359,210.054991,5
21,2503.383889,208.727543,5
21.1,2514.243543,206.25301,5
21.2,2526.038379,203.862056,5
21.3,2538.779205,202.745416,5
21.4,2552.427001,203.493867,5
21.5,2566.894985,205.820376,5
21.6,2582.053172,208.695093,5
21.7,2597.735231,210.829695,5
21.8,2613.747239,211.283308,5
21.9,2629.877892,209.905007,5
22,2645.909643,207.404794,5
22.1,2661.630149,205.019673,5
22.2,2676.843462,203.931859,5
22.3,2691.380346,204.712764,5
22.4,2705.107189,207.054246,5
22.5,2717.933045,209.913532,5
22.6,2729.814418,212.003648,5
22.7,2740.757554,212.398693,5
22.8,2750.818117,210.96931,5
22.9,2760.098252,208.443513,5
23,2768.741205,206.064293,5
23.1,2776.923783,205.005015,5
23.2,2784.847039,205.817559,5
23.3,2792.725684,208.172765,5
23.4,2800.776778,211.015235,5
23.5,2809.208299,213.059701,5
23.6,2818.208189,213.395502,5
23.7,2827.934455,211.914881,5
23.8,2838.506849,209.363662,5
23.9,2850.000558,206.990472,5
24,2862.442247,205.95949,5
24.1,2875.808654,206.802913,5
24.2,2890.027814,209.170654,5
24.3,2904.982851,211.994987,5
24.4,2920.518129,213.992714,5
24.5,2936.447457,214.268673,5
24.6,2952.563888,212.736739,5
24.7,2968.65062,210.16033,5
24.8,2984.492417,207.793359,5
24.9,2999.886942,206.790491,5
25,3014.655415,207.664089,5
25.1,3028.652028,210.043235,5
25.2,3041.771625,212.84818,5
25.3,3053.955241,214.79816,5
25.4,3065.193204,215.013761,5
25.5,3075.525648,213.430516,5
25.6,3085.040401,210.829224,5
25.7,3093.868351,208.468725,5
25.8,3102.176564,207.493847,5
25.9,3110.159473,208.396971,5
26,3118.02865,210.786458,5
26.1,3126.001652,213.570837,5
26.2,3134.29057,215.472141,5
26.3,3143.090857,215.626953,5
26.4,3152.571032,213.992482,5
26.5,3162.863808,211.366687,5
26.6,3174.059099,209.012981,5
26.7,3186.199288,208.066029,5
26.8,3199.27699,208.998093,5
26.9,3213.235447,211.396921,5
27,3227.971512,214.15963,5
27.1,3243.341083,216.011411,5
27.2,3259.166696,216.10509,5
27.3,3275.246865,214.419562,5
27.4,3291.366699,211.769721,5
27.5,3307.309219,209.423197,5
27.6,3322.866783,208.504169,5
27.7,3337.852024,209.464648,5
27.8,3352.107717,211.871884,5
27.9,3365.515062,214.611896,5
28,3377.999937,216.413394,5
28.1,3389.536806,216.445683,5
28.2,3400.15006,214.709353,5
28.3,3409.912735,212.036002,5
28.4,3418.942666,209.697116,5
28.5,3427.396277,208.806074,5
28.6,3435.460347,209.794506,5
28.7,3443.34217,212.209288,5
28.8,3451.258639,214.925654,5
28.9,3459.424822,216.676192,5
29,3468.042636,216.646924,5
29.1,3477.290211,214.860134,5
29.2,3487.312509,212.163885,5
29.3,3498.213691,209.833165,5
29.4,3510.051629,208.970235,5
29.5,3522.834857,209.986223,5
29.6,3536.522125,212.407758,5
29.7,3551.02457,215.09961,5
29.8,3566.210394,216.7986,5
29.9,3581.91181,216.707698,5
30,3597.933873,214.870874,5
30.1,3614.064754,212.152422,5
30.2,3630.08689,209.830466,5
30.3,3645.788446,208.995839,5
30.4,3660.974473,210.03905,5
30.5,3675.47717,212.466618,5
30.6,3689.164727,215.133165,5
30.7,3701.948267,216.780107,5
30.8,3713.786521,216.627584,5
30.9,3724.688009,214.741242,5
31,3734.710586,212.001359,5
31.1,3743.958397,209.688835,5
31.2,3752.576393,208.882768,5
31.3,3760.742694,209.952937,5
31.4,3768.659211,212.385887,5
31.5,3776.541009,215.02642,5
31.6,3784.604983,216.620901,5
31.7,3793.058431,216.406861,5
31.8,3802.088141,214.471604,5
31.9,3811.85055,211.711142,5
32,3822.463506,209.40879,5
32.1,3834.00006,208.631604,5
32.2,3846.48462,209.728528,5
32.3,3859.891667,212.166283,5
32.4,3874.147094,214.780173,5
32.5,3889.132116,216.321868,5
32.6,3904.689518,216.046506,5
32.7,3920.631943,214.063023,5
32.8,3936.751755,211.282911,5
32.9,3952.831974,208.99154,5
33,3968.657706,208.243621,5
33.1,3984.02746,209.367166,5
33.2,3998.763762,211.809218,5
33.3,4012.722498,214.395917,5
33.4,4025.800507,215.884587,5
33.5,4037.941012,215.548188,5
33.6,4049.136615,213.517252,5
33.7,4059.42968,210.718501,5
33.8,4068.910106,208.438988,5
33.9,4077.710593,207.720785,5
34,4085.999651,208.870878,5
34.1,4093.972723,211.31679,5
34.2,4101.841898,213.875828,5
34.3,4109.824734,215.311324,5
34.4,4118.132804,214.914258,5
34.5,4126.960552,212.836731,5
34.6,4136.475051,210.020423,5
34.7,4146.807205,207.753714,5
34.8,4158.044857,207.065738,5
34.9,4170.228155,208.242371,5
35,4183.347447,210.691777,5
35.1,4197.343783,213.222762,5
35.2,4212.11202,214.605015,5
35.3,4227.506365,214.147744,5
35.4,4243.348045,212.024566,5
35.5,4259.434731,209.191861,5
35.6,4275.551188,206.938966,5
35.7,4291.480614,206.281791,5
35.8,4307.016057,207.485016,5
35.9,4321.971315,209.937614,5
36,4336.190742,212.440232,5
36.1,4349.557449,213.76926,5
36.2,4361.999453,213.252327,5
36.3,4373.493477,211.084522,5
36.4,4384.066168,208.23665,5
36.5,4393.792699,205.998645,5
36.6,4402.792806,205.3729,5
36.7,4411.224487,206.602829,5
36.8,4419.275674,209.058387,5
36.9,4427.154341,211.532395,5
37,4435.077546,212.808297,5
37.1,4443.260003,212.23233,5
37.2,4451.902771,210.021,5
37.3,4461.182667,207.159261,5
37.4,4471.24295,204.937281,5
37.5,4482.18578,204.343653,5
37.6,4494.066836,205.600455,5
37.7,4506.892381,208.058803,5
37.8,4520.618937,210.504033,5
37.9,4535.15557,211.726986,5
38,4550.368684,211.092692,5
38.1,4566.089052,208.839013,5
38.2,4582.120733,205.964777,5
38.3,4598.251391,203.760014,5
38.4,4614.263473,203.199244,5
38.5,4629.945676,204.483143,5
38.6,4645.104068,206.94417,5
38.7,4659.572306,209.360525,5
38.8,4673.220393,210.530781,5
38.9,4685.96153,209.838946,5
39,4697.756684,207.544168,5
39.1,4708.616643,204.658864,5
39.2,4718.601449,202.472569,5
39.3,4727.817238,201.945447,5
39.4,4736.410646,203.256718,5
39.5,4744.561088,205.720374,5
39.6,4752.471311,208.10782,5
39.7,4760.356712,209.225707,5
39.8,4768.433994,208.477189,5
39.9,4776.909756,206.14263,5
40,4785.969611,203.247752,5
40.1,4795.768407,201.081224,5
40.2,4806.422076,200.588587,5
40.3,4818.001525,201.927554,5
40.4,4830.528903,204.393842,5
40.5,4843.976436,206.752411,5
40.6,4858.267885,207.818325,5
40.7,4873.282566,207.014054,5
40.8,4888.861704,204.641099,5
40.9,4904.816797,201.738194,5
41,4920.93954,199.592782,5
41.1,4937.0128,199.13551,5
41.2,4952.82205,200.502541,5
41.3,4968.166667,202.971517,5
41.4,4982.8705,205.3013,5
41.5,4996.791145,206.315703,5
41.6,5009.827447,205.456676,5
41.7,5021.924827,203.04677,5
41.8,5033.078157,200.137439,5
41.9,5043.332028,198.014533,5
42,5052.778403,197.593547,5
42.1,5061.551776,198.989052,5
42.2,5069.822084,201.460819,5
42.3,5077.785758,203.761963,5
42.4,5085.655382,204.725379,5
42.5,5093.64849,203.812655,5
42.6,5101.976115,201.3673,5
42.7,5110.831669,198.453192,5
42.8,5120.380763,196.354225,5
42.9,5130.752478,195.970479,5
43,5142.032573,197.394904,5
43.1,5154.258961,199.869608,5
43.2,5167.419721,202.142313,5
43.3,5181.453717,203.055325,5
43.4,5196.253826,202.090021,5
43.5,5211.672573,199.610773,5
43.6,5227.529902,196.693579,5
43.7,5243.622659,194.620017,5
43.8,5259.73529,194.274496,5
43.9,5275.651193,195.728319,5
44,5291.164129,198.206146,5
44.1,5306.089081,200.450659,5
44.2,5320.272001,201.313903,5
44.3,5333.59792,200.29719,5
44.4,5345.997006,197.785651,5
44.5,5357.44824,194.867104,5
44.6,5367.980523,192.820442,5
44.7,5377.671157,192.514159,5
44.8,5386.641769,193.997886,5
44.9,5395.051909,196.479057,5
45,5403.090645,198.695669,5
45.1,5410.966605,199.509829,5
45.2,5418.896991,198.442927,5
45.3,5427.096138,195.900744,5
45.4,5435.764227,192.982606,5
45.5,5445.076739,190.964366,5
45.6,5455.175219,190.698353,5
45.7,5466.159812,192.212515,5
45.8,5478.083999,194.697281,5
45.9,5490.951771,196.886321,5
46,5504.717426,197.652125,5
46.1,5519.287972,196.536298,5
46.2,5534.528024,193.965153,5
46.3,5550.266939,191.049219,5
46.4,5566.307799,189.060942,5
46.5,5582.437782,188.836248,5
46.6,5598.439373,190.381392,5
46.7,5614.101821,192.87003,5
46.8,5629.232235,195.03186,5
46.9,5643.665743,195.750076,5
47,5657.27418,194.586626,5
47.1,5669.972835,191.988237,5
47.2,5681.72491,189.076321,5
47.3,5692.543464,187.119563,5
47.4,5702.49072,186.937247,5
47.5,5711.67479,188.513936,5
47.6,5720.243981,191.006742,5
47.7,5728.378985,193.141753,5
47.8,5736.28336,193.813184,5
47.9,5744.172811,192.603446,5
48,5752.26383,189.979555,5
48.1,5760.762291,187.073491,5
48.2,5769.852611,185.149818,5
48.3,5779.688034,185.010946,5
48.4,5790.382563,186.619749,5
48.5,5802.004953,189.117035,5
48.6,5814.575093,191.225643,5
48.7,5828.062953,191.851118,5
48.8,5842.390173,190.596455,5
48.9,5857.434185,187.948827,5
49,5873.034669,185.050461,5
49.1,5889.001998,183.161442,5
49.2,5905.127222,183.067079,5
49.3,5921.19308,184.708569,5
49.4,5936.985432,187.210658,5
49.5,5952.304546,189.293296,5
49.6,5966.975615,189.873668,5
49.7,5980.857959,188.575467,5
49.8,5993.852442,185.905882,5
49.9,6005.906687,183.017066,5
50,809.921944,3.493634,0
50.1,808.963263,3.675044,0
50.2,807.853316,3.869409,0
50.3,806.610835,4.06898,0
50.4,805.256788,4.265801,0
50.5,803.814026,4.452026,0
50.6,802.306898,4.620229,0
50.7,800.760838,4.763706,0
50.8,799.201938,4.876737,0
50.9,797.656507,4.954815,0
51,796.150624,4.994827,0
51.1,794.709705,4.995178,0
51.2,793.358066,4.955855,0
51.3,792.118517,4.878426,0
51.4,791.011978,4.765976,0
51.5,790.057123,4.622989,0
51.6,789.270066,4.455165,0
51.7,788.664089,4.269195,0
51.8,788.24942,4.072494,0
51.9,788.033056,3.872902,0
52,788.018649,3.678378,0
52.1,788.206441,3.496675,0
52.2,788.593265,3.335038,0
52.3,789.17259,3.199912,0
52.4,789.934642,3.096682,0
52.5,790.866558,3.029465,0
52.6,791.952612,3.00094,0
52.7,793.174476,3.012244,0
52.8,794.511529,3.062927,0
52.9,795.941206,3.150968,0
53,797.439381,3.272857,0
53.1,798.980769,3.423736,0
53.2,800.539358,3.597588,0
53.3,802.088844,3.787483,0
53.4,803.603079,3.98585,0
53.5,805.056507,4.184782,0
53.6,806.424601,4.376347,0
53.7,807.684272,4.552908,0
53.8,808.814261,4.707426,0
53.9,809.795499,4.833742,0
54,810.611426,4.926819,0
54.1,811.248272,4.982946,0
54.2,811.69529,4.999887,0
54.3,811.944936,4.976965,0
54.4,811.992997,4.915095,0
54.5,811.838661,4.816743,0
54.6,811.484534,4.685829,0
54.7,810.936591,4.527575,0
54.8,810.20408,4.348287,0
54.9,809.299362,4.155114,0
55,808.237707,3.955757,0
55.1,807.03703,3.758164,0
55.2,805.717595,3.570213,0
55.3,804.301669,3.399395,0
55.4,802.813147,3.252522,0
55.5,801.277149,3.135449,0
55.6,799.719598,3.052842,0
55.7,798.166779,3.007995,0
55.8,796.644898,3.002697,0
55.9,795.179638,3.037158,0
56,793.795728,3.110004,0
56.1,792.516522,3.218332,0
56.2,791.36361,3.357822,0
56.3,790.356446,3.522914,0
56.4,789.51203,3.707026,0
56.5,788.84461,3.902818,0
56.6,788.365452,4.102484,0
56.7,788.08264,4.298065,0
56.8,788.000948,4.481762,0
56.9,788.121755,4.646253,0
57,788.443022,4.78498,0
57.1,788.959327,4.892413,0
57.2,789.661956,4.964268,0
57.3,790.539053,4.99768,0
57.4,791.575814,4.991318,0
57.5,792.754744,4.945435,0
57.6,794.055946,4.861861,0
57.7,795.457461,4.743927,0
57.8,796.935638,4.596335,0
57.9,798.465529,4.424969,0
58,800.021316,4.236661,0
58.1,801.576743,4.038918,0
58.2,803.105561,3.839624,0
58.3,804.581969,3.646723,0
58.4,805.98105,3.467906,0
58.5,807.279195,3.310302,0
58.6,808.454493,3.180194,0
58.7,809.487112,3.082769,0
58.8,810.359625,3.021912,0
58.9,811.057306,3.000047,0
59,811.568382,3.018048,0
59.1,811.884227,3.075196,0
59.2,811.999512,3.169213,0
59.3,811.91229,3.29635,0
59.4,811.624034,3.45154,0
59.5,811.139608,3.628596,0
59.6,810.467188,3.820458,0
59.7,809.618122,4.019478,0
59.8,808.606737,4.217721,0
59.9,807.450104,4.407285,0
60,806.167741,4.580611,0
60.1,804.781291,4.73079,0
60.2,803.31415,4.851835,0
60.3,801.791078,4.93892,0
60.4,800.237781,4.988573,0
60.5,798.68047,4.998815,0
60.6,797.145428,4.969237,0
60.7,795.65856,4.901019,0
60.8,794.24496,4.79688,0
60.9,792.928482,4.660972,0
61,791.731345,4.498713,0
61.1,790.673752,4.316572,0
61.2,789.77355,4.12181,0
61.3,789.045933,3.922192,0
61.4,788.503178,3.725676,0
61.5,788.154446,3.540097,0
61.6,788.005622,3.372852,0
61.7,788.059218,3.230609,0
61.8,788.314329,3.11904,0
61.9,788.76665,3.042592,0
62,789.408548,3.004313,0
62.1,790.229189,3.005729,0
62.2,791.214724,3.046783,0
62.3,792.348521,3.125839,0
62.4,793.611447,3.239745,0
62.5,794.982187,3.38396,0
62.6,796.437608,3.552734,0
62.7,797.95315,3.73934,0
62.8,799.503234,3.936337,0
62.9,801.061702,4.135872,0
63,802.602252,4.329991,0
63.1,804.098887,4.510954,0
63.2,805.526347,4.671546,0
63.3,806.860544,4.805367,0
63.4,808.078961,4.90708,0
63.5,809.161035,4.97263,0
63.6,810.088506,4.999405,0
63.7,810.845722,4.986337,0
63.8,811.419902,4.933946,0
63.9,811.801358,4.844322,0
64,811.983651,4.721038,0
64.1,811.963706,4.569008,0
64.2,811.741859,4.394293,0
64.3,811.321854,4.20386,0
64.4,810.710779,4.005299,0
64.5,809.918946,3.806527,0
64.6,808.959719,3.615468,0
64.7,807.849286,3.439739,0
64.8,806.606387,3.286346,0
64.9,805.251997,3.161404,0
65,1182.673168,199.025359,5
65.1,1196.241193,196.546865,5
65.2,1210.639191,194.384902,5
65.3,1225.740865,193.659679,5
65.4,1241.382859,194.815676,5
65.5,1257.37336,197.412584,5
65.6,1273.502198,200.332385,5
65.7,1289.55192,202.305169,5
65.8,1305.309237,202.506385,5
65.9,1320.576264,200.944631,5
66,1335.180933,198.457609,5
66.1,1348.986065,196.318131,5
66.2,1361.896588,195.635488,5
66.3,1373.864548,196.833731,5
66.4,1384.891632,199.452224,5
66.5,1395.029081,202.362281,5
66.6,1404.37499,204.298002,5
66.7,1413.069143,204.451635,5
66.8,1421.28565,202.853471,5
66.9,1429.223776,200.35759,5
67,1437.097449,198.240169,5
67.1,1445.123991,197.599267,5
67.2,1453.512674,198.838386,5
67.3,1462.453695,201.476694,5
67.4,1472.108162,204.375155,5
67.5,1482.599607,206.272236,5
67.6,1494.007483,206.377216,5
67.7,1506.362975,204.742067,5
67.8,1519.647359,202.237008,5
67.9,1533.792992,200.141218,5
68,1548.686867,199.541215,5
68.1,1564.176574,200.81984,5
68.2,1580.078319,203.476196,5
68.3,1596.186608,206.361223,5
68.4,1612.285069,208.218111,5
68.5,1628.157847,208.273392,5
68.6,1643.600975,206.600707,5
68.7,1658.433111,204.086166,5
68.8,1672.505095,202.011591,5
68.9,1685.707802,201.451648,5
69,1697.977889,202.768409,5
69.1,1709.30113,205.441058,5
69.2,1719.713169,208.310833,5
69.3,1729.29764,210.126003,5
69.4,1738.18176,210.130571,5
69.5,1746.529636,208.419826,5
69.6,1754.533614,205.89552,5
69.7,1762.404154,203.841754,5
69.8,1770.358742,203.32104,5
69.9,1778.61044,204.674579,5
70,1787.35666,207.361781,5
70.1,1796.768769,210.214511,5
70.2,1806.983064,211.986471,5
70.3,1818.093595,211.939349,5
70.4,1830.147205,210.190055,5
70.5,1843.141072,207.655727,5
70.6,1857.022852,205.622383,5
70.7,1871.693437,205.14008,5
70.8,1887.012174,206.529052,5
70.9,1902.804275,209.229089,5
71,1918.87002,212.063012,5
71.1,1934.995278,213.790307,5
71.2,1950.962783,213.690559,5
71.3,1966.563577,211.902264,5
71.4,1981.608018,209.357688,5
71.5,1995.935762,207.344402,5
71.6,2009.424214,206.899711,5
71.7,2021.994982,208.322791,5
71.8,2033.618003,211.033971,5
71.9,2044.313134,213.84736,5
72,2054.149098,215.528581,5
72.1,2063.239868,215.375318,5
72.2,2071.738665,213.547614,5
72.3,2079.829889,210.992599,5
72.4,2087.719403,208.999033,5
72.5,2095.623695,208.591179,5
72.6,2103.758475,210.047067,5
72.7,2112.327314,212.767729,5
72.8,2121.51092,215.558898,5
72.9,2131.457625,217.192685,5
73,2142.275571,216.985069,5
73.1,2154.027014,215.117595,5
73.2,2166.725043,212.551991,5
73.3,2180.332896,210.577842,5
73.4,2194.765892,210.206075,5
73.5,2209.895892,211.6935,5
73.6,2225.558046,214.42202,5
73.7,2241.559481,217.189331,5
73.8,2257.68945,218.774376,5
73.9,2273.730441,218.511624,5
74,2289.469626,216.604073,5
74.1,2304.710072,214.027775,5
74.2,2319.281114,212.072774,5
74.3,2333.047342,211.736378,5
74.4,2345.915734,213.254103,5
74.5,2357.840555,215.988899,5
74.6,2368.825763,218.730763,5
74.7,2378.924805,220.265818,5
74.8,2388.2378,219.947209,5
74.9,2396.906264,217.999329,5
75,2405.105659,215.412279,5
75.1,2413.036154,213.476199,5
75.2,2420.912077,213.174496,5
75.3,2428.950633,214.721322,5
75.4,2437.360459,217.460857,5
75.5,2446.33064,220.175742,5
75.6,2456.020749,221.659618,5
75.7,2466.552439,221.284495,5
75.8,2478.003044,219.296097,5
75.9,2490.401499,216.698291,5
76,2503.726817,214.78095,5
76.1,2517.909199,214.5133,5
76.2,2532.833704,216.088073,5
76.3,2548.346306,218.83086,5
76.4,2564.262007,221.51729,5
76.5,2580.374578,222.94887,5
76.6,2596.467421,222.516645,5
76.7,2612.324977,220.487601,5
76.8,2627.74408,217.879092,5
76.9,2642.544655,215.980356,5
77,2656.579204,215.746164,5
77.1,2669.740572,217.347775,5
77.2,2681.967593,220.092381,5
77.3,2693.248312,222.748948,5
77.4,2703.62061,224.12718,5
77.5,2713.170215,223.637337,5
77.6,2722.026181,221.56759,5
77.7,2730.354095,218.94849,5
77.8,2738.347358,217.068276,5
77.9,2746.216991,216.866998,5
78,2754.180531,218.494387,5
78.1,2762.450566,221.239438,5
78.2,2771.223543,223.864796,5
78.3,2780.66942,225.188706,5
78.4,2790.922716,224.640805,5
78.5,2802.075425,222.530368,5
78.6,2814.172172,219.900851,5
78.7,2827.20786,218.039133,5
78.8,2841.127944,217.870273,5
78.9,2855.831297,219.522436,5
79,2871.175542,222.266617,5
79.1,2886.984546,224.859494,5
79.2,2903.057701,226.128184,5
79.3,2919.180483,225.521862,5
79.4,2935.135759,223.370821,5
79.5,2950.715214,220.731129,5
79.6,2965.730328,218.887938,5
79.7,2980.022305,218.751054,5
79.8,2993.470431,220.427044,5
79.9,3005.998439,223.169105,5
80,3017.578519,225.728301,5
80.1,3028.232787,226.940952,5
80.2,3038.03212,226.275928,5
80.3,3047.09242,224.084448,5
80.4,3055.568514,221.434889,5
80.5,3063.645995,219.610315,5
80.6,3071.531451,219.505025,5
80.7,3079.441585,221.203951,5
80.8,3087.591797,223.94271,5
80.9,3096.184847,226.467101,5
81,3105.400167,227.622978,5
81.1,3115.38442,226.899055,5
81.2,3126.243769,224.667377,5
81.3,3138.038289,222.00833,5
81.4,3150.778803,220.202527,5
81.5,3164.426309,220.128506,5
81.6,3178.894037,221.849541,5
81.7,3194.052021,224.583883,5
81.8,3209.733936,227.072424,5
81.9,3225.745868,228.170875,5
82,3241.876518,227.387943,5
82.1,3257.908338,225.116388,5
82.2,3273.628982,222.448305,5
82.3,3288.842494,220.66149,5
82.4,3303.379628,220.618473,5
82.5,3317.10676,222.360854,5
82.6,3329.932926,225.089737,5
82.7,3341.814616,227.541462,5
82.8,3352.758059,228.581924,5
82.9,3362.818902,227.739957,5
83,3372.099275,225.428931,5
83.1,3380.742412,222.752335,5
83.2,3388.925112,220.984792,5
83.3,3396.848419,220.972577,5
83.4,3404.727043,222.735604,5
83.5,3412.778044,225.458058,5
83.6,3421.209405,227.872085,5
83.7,3430.209077,228.854081,5
83.8,3439.935078,227.953143,5
83.9,3450.507174,225.603133,5
84,3462.000569,222.918624,5
84.1,3474.441943,221.170702,5
84.2,3487.808051,221.18915,5
84.3,3502.026943,222.972192,5
84.4,3516.981758,225.687322,5
84.5,3532.516873,228.062849,5
84.6,3548.446103,228.985992,5
84.7,3564.562507,228.026237,5
84.8,3580.649285,225.637813,5
84.9,3596.491199,222.946064,5
85,3611.885904,221.21818,5
85.1,3626.654613,221.267218,5
85.2,3640.651503,223.069709,5
85.3,3653.771406,225.776694,5
85.4,3665.955338,228.113006,5
85.5,3677.193613,228.976998,5
85.6,3687.526348,227.958668,5
85.7,3697.041353,225.532485,5
85.8,3705.869507,222.834245,5
85.9,3714.177861,221.126884,5
86,3722.160845,221.206502,5
86.1,3730.030023,223.027944,5
86.2,3738.002954,225.726039,5
86.3,3746.291733,228.022504,5
86.4,3755.09182,228.827138,5
86.5,3764.571744,227.750565,5
86.6,3774.864231,225.287363,5
86.7,3786.059211,222.583456,5
86.8,3798.199083,220.89717,5
86.9,3811.276479,221.007421,5
87,3825.234657,222.847386,5
87.1,3839.970484,225.535922,5
87.2,3855.339872,227.791991,5
87.3,3871.165365,228.537149,5
87.4,3887.245484,227.402756,5
87.5,3903.365342,224.903357,5
87.6,3919.307957,222.194681,5
87.7,3934.865682,220.530088,5
87.8,3949.851141,220.671093,5
87.9,3964.1071,222.529217,5
88,3977.514743,225.2076,5
88.1,3989.999933,227.42281,5
88.2,4001.537117,228.108463,5
88.3,4012.15067,226.916761,5
88.4,4021.913612,224.38207,5
88.5,4030.943763,221.669597,5
88.6,4039.397537,220.027381,5
88.7,4047.461703,220.199321,5
88.8,4055.34355,222.07531,5
88.9,4063.259971,224.74302,5
89,4071.426037,226.916991,5
89.1,4080.043669,227.5432,5
89.2,4089.291007,226.294787,5
89.3,4099.313027,223.725789,5
89.4,4110.213904,221.010564,5
89.5,4122.051524,219.391476,5
89.6,4134.834441,219.594596,5
89.7,4148.52142,221.488219,5
89.8,4163.023612,224.144811,5
89.9,4178.209235,226.277244,5
90,4193.91051,226.844155,5
90.1,4209.932501,225.539717,5
90.2,4226.063382,222.937478,5
90.3,4242.08559,220.220615,5
90.4,4257.787287,218.625466,5
90.5,4272.973515,218.860071,5
90.6,4287.476464,220.771164,5
90.7,4301.164311,223.416265,5
90.8,4313.948162,225.506942,5
90.9,4325.786733,226.014788,5
91,4336.688526,224.655093,5
91.1,4346.711382,222.020757,5
91.2,4355.95943,219.303439,5
91.3,4364.577608,217.733105,5
91.4,4372.744027,217.999558,5
91.5,4380.660592,219.928017,5
91.6,4388.542365,222.561324,5
91.7,4396.606242,224.610107,5
91.8,4405.059528,225.059203,5
91.9,4414.089018,223.645102,5
92,4423.851161,220.979888,5
92.1,4434.463817,218.263365,5
92.2,4446.000056,216.718777,5
92.3,4458.484302,217.017499,5
92.4,4471.89105,218.963283,5
92.5,4486.146212,221.584559,5
92.6,4501.131014,223.591386,5
92.7,4516.688256,223.982129,5
92.8,4532.630586,222.514554,5
92.9,4548.750374,219.819753,5
93,4564.830643,217.105338,5
93.1,4580.656494,215.587484,5
93.2,4596.026432,215.918949,5
93.3,4610.762972,217.882072,5
93.4,4624.721987,220.491151,5
93.5,4637.800302,222.456033,5
93.6,4649.941124,222.788899,5
93.7,4661.137038,221.268856,5
93.8,4671.430391,218.545829,5
93.9,4680.911069,215.834895,5
94,4689.711757,214.344817,5
94.1,4698.000954,214.70955,5
94.2,4705.974097,216.690084,5
94.3,4713.84327,219.286859,5
94.4,4721.826032,221.209878,5
94.5,4730.13396,221.485417,5
94.6,4738.961504,219.913988,5
94.7,4748.47575,217.164163,5
94.8,4758.807615,214.458139,5
94.9,4770.044954,212.996929,5
95,4782.227936,213.395502,5
95.1,4795.346923,215.393568,5
95.2,4809.342981,217.977993,5
95.3,4824.110983,219.859301,5
95.4,4839.505147,220.078136,5
95.5,4855.346711,218.456471,5
95.6,4871.43335,215.681336,5
95.7,4887.549834,212.981708,5
95.8,4903.479357,211.550501,5
95.9,4919.014964,211.983533,5
96,4933.970443,213.999301,5
96.1,4948.190138,216.571387,5
96.2,4961.557144,218.411198,5
96.3,4973.999464,218.57402,5
96.4,4985.493802,216.903335,5
96.5,4996.066791,214.10444,5
96.6,5005.793586,211.412738,5
96.7,5014.793912,210.012715,5
96.8,5023.225753,210.480862,5
96.9,5031.277033,212.514549,5
97,5039.155721,215.074358,5
97.1,5047.078875,216.872948,5
97.2,5055.261211,216.980511,5
97.3,5063.903795,215.262086,5
97.4,5073.183451,212.441032,5
97.5,5083.243455,209.758834,5
97.6,5094.185978,208.391211,5
97.7,5106.066717,208.895168,5
97.8,5118.891951,210.947029,5
97.9,5132.618219,213.494675,5
98,5147.154602,215.252376,5
98.1,5162.367517,215.305495,5
98.2,5178.087747,213.540664,5
98.3,5194.119359,210.699105,5
98.4,5210.25002,208.028028,5
98.5,5226.262178,206.694056,5
98.6,5241.944525,207.234548,5
98.7,5257.103121,209.304876,5
98.8,5271.571613,211.840514,5
98.9,5285.219991,213.557711,5
99,5297.96144,213.557258,5
99.1,5309.75691,211.74741,5
99.2,5320.617174,208.887042,5
99.3,5330.602257,206.22874,5
99.4,5339.81828,204.929698,5
99.5,5348.411867,205.507478,5
99.6,5356.562425,207.596597,5
99.7,5364.472692,210.120426,5
99.8,5372.358065,211.79755,5
99.9,5380.435247,211.744445,5
100,5388.910844,209.891018,5
100.1,5397.970476,207.013579,5
100.2,5407.769004,204.369735,5
100.3,5418.422373,203.106927,5
100.4,5430.001507,203.722771,5
100.5,5442.528571,205.831033,5
100.6,5455.975807,208.343284,5
100.7,5470.266992,209.980811,5
100.8,5485.281456,209.876022,5
100.9,5500.860436,207.980495,5
101,5516.815437,205.087757,5
101.1,5532.93816,202.460081,5
101.2,5549.011473,201.234828,5
101.3,5564.820845,201.88953,5
101.4,5580.165649,204.01731,5
101.5,5594.869721,206.518246,5
101.6,5608.790647,208.116689,5
101.7,5621.827256,207.961225,5
101.8,5633.924953,206.025116,5
101.9,5645.078593,203.118881,5
102,5655.332752,200.509103,5
102.1,5664.779376,199.322739,5
102.2,5673.552947,200.017106,5
102.3,5681.823391,202.164796,5
102.4,5689.787133,204.654707,5
102.5,5697.656752,206.214613,5
102.6,5705.649783,206.009517,5
102.7,5713.977262,204.034376,5
102.8,5722.832611,201.11647,5
102.9,5732.38145,198.526334,5
103,5742.752874,197.380205,5
103.1,5754.032656,198.11505,5
103.2,5766.258728,200.283056,5
103.3,5779.419183,202.762251,5
103.4,5793.452903,204.284193,5
103.5,5808.252779,204.030542,5
103.6,5823.671348,202.017945,5
103.7,5839.528564,199.090214,5
103.8,5855.621278,196.521473,5
103.9,5871.733938,195.416926,5
104,5887.649942,196.193065,5
104.1,5903.163045,198.381798,5
104.2,5918.088221,200.850603,5
104.3,5932.271411,202.335179,5
104.4,5945.59763,202.034072,5
104.5,5957.997031,199.985618,5
104.6,5969.448579,197.04992,5
104.7,5979.981159,194.504332,5
104.8,5989.672056,193.44271,5
104.9,5998.642884,194.260957,5
105,788.1519,4.467719,0
105.1,788.005144,4.282796,0
105.2,788.060815,4.086599,0
105.3,788.317975,3.88695,0
105.4,788.772283,3.691808,0
105.5,789.416072,3.508952,0
105.6,790.238478,3.345673,0
105.7,791.225622,3.20848,0
105.8,792.360843,3.102842,0
105.9,793.624985,3.032971,0
106,794.996713,3.001653,0
106.1,796.452878,3.010135,0
106.2,797.968904,3.058081,0
106.3,799.519208,3.143577,0
106.4,801.077625,3.263217,0
106.5,802.617857,3.412229,0
106.6,804.113908,3.584675,0
106.7,805.540533,3.773678,0
106.8,806.873655,3.971703,0
106.9,808.090775,4.170857,0
107,809.171353,4.363199,0
107.1,810.097154,4.541062,0
107.2,810.852553,4.697354,0
107.3,811.424802,4.825845,0
107.4,811.804244,4.921412,0
107.5,811.984475,4.980246,0
107.6,811.962453,5,0
107.7,811.738551,4.979887,0
107.8,811.316546,4.920709,0
107.9,810.70356,4.824825,0
108,809.909939,4.696058,0
108.1,808.949076,4.539542,0
108.2,807.837187,4.361516,0
108.3,806.593035,4.169077,0
108.4,805.237618,3.969898,0
108.5,803.793809,3.771918,0
108.6,802.285976,3.583032,0
108.7,800.739564,3.410769,0
108.8,799.180671,3.261996,0
108.9,797.635605,3.142646,0
109,796.130441,3.057475,0
109.1,794.690581,3.00988,0
109.2,793.340323,3.001758,0
109.3,792.102456,3.033433,0
109.4,790.997869,3.103642,0
109.5,790.045204,3.209585,0
109.6,789.260539,3.34704,0
109.7,788.657114,3.510527,0
109.8,788.245115,3.693527,0
109.9,788.031494,3.888745,0
110,788.019856,4.088399,0
110.1,788.210397,4.284528,0
110.2,788.599902,4.469314,0
110.3,789.181797,4.635391,0
110.4,789.946263,4.776136,0
110.5,790.880398,4.885939,0
110.6,791.968437,4.960422,0
110.7,793.192019,4.996617,0
110.8,794.530493,4.993079,0
110.9,795.961272,4.949951,0
111,797.46021,4.868951,0
111.1,799.002009,4.753309,0
111.2,800.560651,4.607634,0
111.3,802.109831,4.437735,0
111.4,803.623405,4.250385,0
111.5,805.07583,4.053053,0
111.6,806.442594,3.853606,0
111.7,807.700632,3.659996,0
111.8,808.828712,3.47994,0
111.9,809.807796,3.320617,0
112,810.621363,3.188379,0
112.1,811.25568,3.088498,0
112.2,811.700045,3.024955,0
112.3,811.946957,3.000285,0
112.4,811.99225,3.01547,0
112.5,811.835159,3.069905,0
112.6,811.478335,3.16142,0
112.7,810.927801,3.286367,0
112.8,810.192847,3.439764,0
112.9,809.285876,3.615495,0
113,808.222194,3.806556,0
113.1,807.019753,4.005329,0
113.2,805.698846,4.203889,0
113.3,804.281763,4.394321,0
113.4,802.79242,4.569033,0
113.5,801.255952,4.721059,0
113.6,799.698288,4.844338,0
113.7,798.145716,4.933957,0
113.8,796.624438,4.986341,0
113.9,795.160125,4.999404,0
114,793.777492,4.972623,0
114.1,792.499871,4.907067,0
114.2,791.348824,4.805349,0
114.3,790.343776,4.671524,0
114.4,789.501688,4.510928,0
114.5,788.836772,4.329962,0
114.6,788.36025,4.135842,0
114.7,788.080162,3.936307,0
114.8,788.001235,3.739311,0
114.9,788.124803,3.552707,0
115,788.448779,3.383936,0
115.1,788.967695,3.239725,0
115.2,789.672795,3.125824,0
115.3,790.55218,3.046774,0
115.4,791.591007,3.005725,0
115.5,792.771747,3.004316,0
115.6,794.074472,3.042601,0
115.7,795.477198,3.119055,0
115.8,796.956251,3.230629,0
115.9,798.486672,3.372875,0
116,800.042631,3.540123,0
116.1,801.597872,3.725705,0
116.2,803.126146,3.922222,0
116.3,804.601662,4.12184,0
116.4,805.99952,4.316601,0
116.5,807.296129,4.498739,0
116.6,808.469607,4.660995,0
116.7,809.50015,4.796898,0
116.8,810.370366,4.901032,0
116.9,811.06557,4.969245,0
117,811.574029,4.998817,0
117.1,811.887162,4.988569,0
117.2,811.999685,4.93891,0
117.3,811.909699,4.85182,0
117.4,811.618722,4.73077,0
117.5,811.131665,4.580587,0
117.6,810.456748,4.407257,0
117.7,809.60536,4.217692,0
117.8,808.59187,4.019448,0
117.9,807.433382,3.820428,0
118,806.149447,3.628568,0
118.1,804.761732,3.451515,0
118.2,803.293658,3.296329,0
118.3,801.769999,3.169196,0
118.4,800.216469,3.075184,0
118.5,798.659285,3.018042,0
118.6,797.124728,3.000048,0
118.7,795.638695,3.021918,0
118.8,794.226264,3.082781,0
118.9,792.911272,3.180211,0
119,791.715911,3.310324,0
119.1,790.660353,3.467932,0
119.2,789.762414,3.646751,0
119.3,789.037246,3.839654,0
119.4,788.497088,4.038948,0
119.5,788.151056,4.236691,0
119.6,788.004989,4.424997,0
119.7,788.061352,4.59636,0
119.8,788.319195,4.743947,0
119.9,788.774165,4.861876,0
120,1192.006458,205.279488,5
120.1,1207.893714,205.427987,5
120.2,1223.997237,207.359872,5
120.3,1240.100905,210.269956,5
120.4,1255.98859,212.892973,5
120.5,1271.455538,214.098653,5
120.6,1286.319155,213.423295,5
120.7,1300.428622,211.287848,5
120.8,1313.672839,208.799926,5
120.9,1325.986278,207.232871,5
121,1337.352429,207.426877,5
121.1,1347.804676,209.393828,5
121.2,1357.424535,212.311697,5
121.3,1366.337361,214.911158,5
121.4,1374.705747,216.072559,5
121.5,1382.72096,215.352509,5
121.6,1390.592868,213.192403,5
121.7,1398.538886,210.71082,5
121.8,1406.772525,209.177435,5
121.9,1415.492149,209.415862,5
122,1424.870528,211.416289,5
122.1,1435.045733,214.340087,5
122.2,1446.113872,216.914225,5
122.3,1458.124024,218.029989,5
122.4,1471.075653,217.264421,5
122.5,1484.918641,215.079237,5
122.6,1499.555921,212.603669,5
122.7,1514.848597,211.103362,5
122.8,1530.623251,211.385115,5
122.9,1546.681084,213.417428,5
123,1562.808381,216.345306,5
123.1,1578.787767,218.892372,5
123.2,1594.409662,219.961163,5
123.3,1609.483308,219.149275,5
123.4,1623.846826,216.938615,5
123.5,1637.375736,214.468745,5
123.6,1649.989514,213.000926,5
123.7,1661.655835,213.324915,5
123.8,1672.392272,215.38753,5
123.9,1682.265374,218.317651,5
124,1691.387159,220.835918,5
124.1,1699.909214,221.85643,5
124.2,1708.014712,220.997448,5
124.3,1715.908767,218.760936,5
124.4,1723.807627,216.296466,5
124.5,1731.927287,214.860553,5
124.6,1740.472115,215.225692,5
124.7,1749.624084,217.317033,5
124.8,1759.533193,220.24758,5
124.9,1770.309562,222.73535,5
125,1782.017637,223.706309,5
125.1,1794.672794,222.799496,5
125.2,1808.240526,220.536785,5
125.3,1822.638265,218.077434,5
125.4,1837.73973,216.672861,5
125.5,1853.381574,217.078076,5
125.6,1869.371993,219.196585,5
125.7,1885.500821,222.125763,5
125.8,1901.550606,224.581372,5
125.9,1917.308055,225.501545,5
126,1932.575275,224.5462,5
126.1,1947.180191,222.256978,5
126.2,1960.985608,219.802492,5
126.3,1973.89644,218.428709,5
126.4,1985.864717,218.872943,5
126.5,1996.89211,221.017082,5
126.6,2007.029842,223.943128,5
126.7,2016.375994,226.364948,5
126.8,2025.070337,227.233146,5
126.9,2033.28697,226.228616,5
127,2041.225154,223.912608,5
127.1,2049.098812,221.462764,5
127.2,2057.125268,220.119245,5
127.3,2065.513797,220.601463,5
127.4,2074.454605,222.769718,5
127.5,2084.108811,225.690904,5
127.6,2094.599961,228.077352,5
127.7,2106.007523,228.892436,5
127.8,2118.362699,227.838114,5
127.9,2131.646782,225.49509,5
128,2145.792143,223.049699,5
128.1,2160.685793,221.735948,5
128.2,2176.17533,222.25514,5
128.3,2192.076971,224.446031,5
128.4,2208.185227,227.360666,5
128.5,2224.283727,229.710208,5
128.6,2240.156616,230.471094,5
128.7,2255.599918,229.366427,5
128.8,2270.432285,226.996204,5
128.9,2284.504544,224.555117,5
129,2297.707554,223.270669,5
129.1,2309.977957,223.825857,5
129.2,2321.301512,226.037939,5
129.3,2331.713843,228.944379,5
129.4,2341.298571,231.255534,5
129.5,2350.1829,231.961194,5
129.6,2358.530924,230.80569,5
129.7,2366.534982,228.408137,5
129.8,2374.40553,225.971248,5
129.9,2382.360055,224.715676,5
130,2390.611619,225.305918,5
130.1,2399.357643,227.537785,5
130.2,2408.769505,230.434432,5
130.3,2418.983515,232.705779,5
130.4,2430.093735,233.355251,5
130.5,2442.147029,232.148478,5
130.6,2455.140588,229.723519,5
130.7,2469.022086,227.29077,5
130.8,2483.692429,226.063688,5
130.9,2499.010977,226.688082,5
131,2514.802952,228.938374,5
131.1,2530.868641,231.823686,5
131.2,2546.993915,234.053863,5
131.3,2562.961509,234.646251,5
131.4,2578.562459,233.387843,5
131.5,2593.607114,230.935466,5
131.6,2607.93512,228.50685,5
131.7,2621.423867,227.307917,5
131.8,2633.994949,227.965604,5
131.9,2645.618286,230.233007,5
132,2656.313718,233.105498,5
132.1,2666.149952,235.293213,5
132.2,2675.240947,235.827691,5
132.3,2683.739913,234.517354,5
132.4,2691.831239,232.037606,5
132.5,2699.720784,229.613172,5
132.6,2707.625035,228.442094,5
132.7,2715.759704,229.132263,5
132.8,2724.328365,231.415519,5
132.9,2733.511739,234.273764,5
133,2743.45817,236.417792,5
133.1,2754.275812,236.89361,5
133.2,2766.026938,235.531122,5
133.3,2778.724655,233.024118,5
133.4,2792.332216,230.603973,5
133.5,2806.764956,229.460509,5
133.6,2821.894748,230.182399,5
133.7,2837.556756,232.480303,5
133.8,2853.558112,235.322944,5
133.9,2869.688075,237.422132,5
134,2885.729132,237.838619,5
134.1,2901.468451,236.423834,5
134.2,2916.709094,233.889759,5
134.3,2931.280384,231.47407,5
134.4,2945.046898,230.358034,5
134.5,2957.915601,231.110938,5
134.6,2969.840738,233.422344,5
134.7,2980.826254,236.248088,5
134.8,2990.925578,238.301363,5
134.9,3000.238813,238.657926,5
135,3008.907464,237.190777,5
135.1,3017.106984,234.629889,5
135.2,3025.037533,232.218886,5
135.3,3032.913439,231.130148,5
135.4,3040.951904,231.913417,5
135.5,3049.361574,234.237242,5
135.6,3058.331539,237.044867,5
135.7,3068.021385,239.051234,5
135.8,3078.552779,239.347364,5
135.9,3090.00307,237.827866,5
136,3102.401209,235.240495,5
136.1,3115.726227,232.834475,5
136.2,3129.908339,231.772966,5
136.3,3144.83262,232.586007,5
136.4,3160.345056,234.921232,5
136.5,3176.260656,237.709589,5
136.6,3192.373197,239.668133,5
136.7,3208.466083,239.903408,5
136.8,3224.323752,238.331658,5
136.9,3239.743033,235.718212,5
137,3254.543841,233.317539,5
137.1,3268.578665,232.28325,5
137.2,3281.740338,233.125533,5
137.3,3293.967676,235.471204,5
137.4,3305.248707,238.239221,5
137.5,3315.621297,240.14911,5
137.6,3325.171156,240.323194,5
137.7,3334.027328,238.699375,5
137.8,3342.355388,236.060339,5
137.9,3350.348728,233.665446,5
138,3358.218366,232.658432,5
138.1,3366.181839,233.529488,5
138.2,3374.451737,235.884721,5
138.3,3383.224516,238.6314,5
138.4,3392.670144,240.491888,5
138.5,3402.923153,240.604533,5
138.6,3414.075552,238.928914,5
138.7,3426.171981,236.264853,5
138.8,3439.207363,233.876243,5
138.9,3453.127165,232.896622,5
139,3467.830279,233.796048,5
139.1,3483.174337,236.160026,5
139.2,3498.983219,238.884448,5
139.3,3515.056321,240.694876,5
139.4,3531.179123,240.745925,5
139.5,3547.13449,239.018862,5
139.6,3562.714104,236.330418,5
139.7,3577.729435,233.948665,5
139.8,3592.021675,232.99662,5
139.9,3605.470099,233.924076,5
140,3617.998421,236.296054,5
140.1,3629.578816,238.997381,5
140.2,3640.233384,240.757175,5
140.3,3650.032985,240.74656,5
140.4,3659.093508,238.968497,5
140.5,3667.569767,236.256395,5
140.6,3675.647348,233.882143,5
140.7,3683.532832,232.957924,5
140.8,3691.442921,233.913135,5
140.9,3699.593019,236.292437,5
141,3708.185889,238.969909,5
141.1,3717.400975,240.678585,5
141.2,3727.384951,240.60633,5
141.3,3738.243996,238.777797,5
141.4,3750.038199,236.04284,5
141.5,3762.778401,233.676805,5
141.6,3776.425616,232.780726,5
141.7,3790.89309,233.763483,5
141.8,3806.050869,236.149507,5
141.9,3821.732641,238.802444,5
142,3837.744497,240.459604,5
142.1,3853.875144,240.325822,5
142.2,3869.907033,238.447439,5
142.3,3885.627814,235.690509,5
142.4,3900.841526,233.333479,5
142.5,3915.37891,232.465918,5
142.6,3929.10633,233.476078,5
142.7,3941.932807,235.86829,5
142.8,3953.814813,238.496092,5
142.9,3964.758563,240.101425,5
143,3974.819686,239.90632,5
143.1,3984.100298,237.978792,5
143.2,3992.74362,235.200851,5
143.3,4000.926441,232.853682,5
143.4,4008.849799,232.015083,5
143.5,4016.728401,233.052566,5
143.6,4024.779309,235.450505,5
143.7,4033.210511,238.052651,5
143.8,4042.209965,239.605933,5
143.9,4051.935702,239.349799,5
144,4062.5075,237.373916,5
144.1,4074.00058,234.576003,5
144.2,4086.441638,232.23962,5
144.3,4099.807447,231.430491,5
144.4,4114.026072,232.49528,5
144.5,4128.980666,234.898553,5
144.6,4144.515616,237.4746,5
144.7,4160.444749,238.975693,5
144.8,4176.561126,238.65891,5
144.9,4192.647951,236.635548,5
145,4208.489981,233.818778,5
145.1,4223.884867,231.494173,5
145.2,4238.65381,230.715081,5
145.3,4252.650979,231.807223,5
145.4,4265.771186,234.215505,5
145.5,4277.955435,236.765089,5
145.6,4289.194021,238.213938,5
145.7,4299.527047,237.836974,5
145.8,4309.042305,235.767089,5
145.9,4317.870662,232.932652,5
146,4326.179159,230.620883,5
146.1,4334.162217,229.872456,5
146.2,4342.031397,230.992058,5
146.3,4350.004257,233.40509,5
146.4,4358.292897,235.927918,5
146.5,4367.092783,237.324553,5
146.6,4376.572455,236.887958,5
146.7,4386.864654,234.772588,5
146.8,4398.059323,231.921745,5
146.9,4410.198878,229.623932,5
147,4423.275968,228.906855,5
147.1,4437.233867,230.054081,5
147.2,4451.969456,232.471671,5
147.3,4467.338661,234.967526,5
147.4,4483.164034,236.312053,5
147.5,4499.244104,235.816462,5
147.6,4515.363985,233.656722,5
147.7,4531.306694,230.790802,5
147.8,4546.86458,228.508125,5
147.9,4561.850259,227.823141,5
148,4576.106483,228.998211,5
148.1,4589.514424,231.420226,5
148.2,4601.999929,233.888962,5
148.3,4613.537428,235.181565,5
148.4,4624.15128,234.62769,5
148.5,4633.914489,232.42477,5
148.6,4642.94486,229.545169,5
148.7,4651.398796,227.278867,5
148.8,4659.463058,226.626767,5
148.9,4667.344931,227.829955,5
149,4675.261304,230.256324,5
149.1,4683.427251,232.69786,5
149.2,4692.044701,233.938801,5
149.3,4701.291803,233.32743,5
149.4,4711.313545,231.082591,5
149.5,4722.214116,228.190768,5
149.6,4734.05142,225.942133,5
149.7,4746.834025,225.323758,5
149.8,4760.520714,226.555388,5
149.9,4775.022655,228.986093,5
150,4790.208075,231.400416,5
150.1,4805.909209,232.590026,5
150.2,4821.931128,231.92202,5
150.3,4838.062009,229.636591,5
150.4,4854.08429,226.734064,5
150.5,4869.786127,224.504437,5
150.6,4884.972557,223.920676,5
150.7,4899.475759,225.181117,5
150.8,4913.163895,227.616196,5
150.9,4925.948057,230.003353,5
151,4937.786945,231.142031,5
151.1,4948.689044,230.41832,5
151.2,4958.712178,228.093693,5
151.3,4967.960462,225.182036,5
151.4,4976.578822,222.972806,5
151.5,4984.74536,222.424586,5
151.6,4992.661973,223.714252,5
151.7,5000.543721,226.15379,5
151.8,5008.607502,228.513886,5
151.9,5017.060625,229.602096,5
152,5026.089895,228.823676,5
152.1,5035.851771,226.461304,5
152.2,5046.464129,223.542141,5
152.3,5058.000053,221.354738,5
152.4,5070.483983,220.843026,5
152.5,5083.890434,222.162368,5
152.6,5098.14533,224.606497,5
152.7,5113.129913,226.93969,5
152.8,5128.686993,227.977955,5
152.9,5144.629229,227.145881,5
153,5160.748994,224.747274,5
153.1,5176.829312,221.822275,5
153.2,5192.655283,219.658169,5
153.3,5208.025404,219.183964,5
153.4,5222.762182,220.533467,5
153.5,5236.721476,222.98236,5
153.6,5249.800096,225.28886,5
153.7,5261.941236,226.277758,5
153.8,5273.13746,225.393144,5
153.9,5283.431102,222.959861,5
154,5292.912032,220.030738,5
154.1,5301.71292,217.891429,5
154.2,5310.002256,217.45576,5
154.3,5317.97547,218.835942,5
154.4,5325.844642,221.289808,5
154.5,5333.82733,223.569868,5
154.6,5342.135115,224.510031,5
154.7,5350.962457,223.574039,5
154.8,5360.476449,221.107685,5
154.9,5370.808024,218.176188,5
155,5382.045052,216.063208,5
155.1,5394.227717,215.667125,5
155.2,5407.346399,217.078528,5
155.3,5421.342179,219.537609,5
155.4,5436.109946,221.791524,5
155.5,5451.503929,222.683628,5
155.6,5467.345376,221.697469,5
155.7,5483.431969,219.199692,5
155.8,5499.548479,216.267602,5
155.9,5515.4781,214.182502,5
156,5531.013871,213.827078,5
156.1,5545.969572,215.270264,5
156.2,5560.189535,217.73483,5
156.3,5573.556839,219.962931,5
156.4,5585.999475,220.807694,5
156.5,5597.494128,219.772621,5
156.6,5608.067414,217.245102,5
156.7,5617.794474,214.314228,5
156.8,5626.795018,212.25858,5
156.9,5635.227018,211.944898,5
157,5643.278392,213.420446,5
157.1,5651.157101,215.89079,5
157.2,5659.080204,218.093438,5
157.3,5667.262419,218.891616,5
157.4,5675.904818,217.808917,5
157.5,5685.184236,215.25337,5
157.6,5695.243959,212.32554,5
157.7,5706.186176,210.300928,5
157.8,5718.066598,210.030082,5
157.9,5730.891522,211.538581,5
158,5744.617501,214.015013,5
158.1,5759.153634,216.192595,5
158.2,5774.366349,216.944974,5
158.3,5790.086442,215.81597,5
158.4,5806.117985,213.234131,5
158.5,5822.248649,210.311192,5
158.6,5838.260883,208.319206,5
158.7,5853.943373,208.092292,5
158.8,5869.102174,209.634338,5
158.9,5883.570919,212.117179,5
159,5897.219588,214.270105,5
159.1,5909.96135,214.977497,5
159.2,5921.757137,213.803532,5
159.3,5932.617705,211.197161,5
159.4,5942.603065,208.280966,5
159.5,5951.819322,206.323199,5
159.6,5960.413089,206.141312,5
159.7,5968.563761,207.7175,5
159.8,5976.474074,210.207081,5
159.9,5984.359418,212.335774,5
160,807.308815,3.571845,0
160.1,808.480925,3.759918,0
160.2,809.509908,3.957562,0
160.3,810.378401,4.156898,0
160.4,811.071745,4.34998,0
160.5,811.578241,4.529108,0
160.6,811.889339,4.687143,0
160.7,811.99979,4.817784,0
160.8,811.907731,4.915822,0
160.9,811.614714,4.977349,0
161,811.125684,4.999912,0
161.1,810.448895,4.982612,0
161.2,809.595769,4.926139,0
161.3,808.580702,4.832743,0
161.4,807.420825,4.706148,0
161.5,806.135713,4.551402,0
161.6,804.747054,4.374672,0
161.7,803.278282,4.183006,0
161.8,801.754185,3.984044,0
161.9,800.200484,3.785718,0
162,798.6434,3.595935,0
162.1,797.10921,3.42226,0
162.2,795.623805,3.271619,0
162.3,794.212255,3.150015,0
162.4,792.898379,3.062298,0
162.5,791.704352,3.011964,0
162.6,790.650324,3.00102,0
162.7,789.754083,3.029902,0
162.8,789.030754,3.097458,0
162.9,788.492545,3.200997,0
163,788.148538,3.336389,0
163.1,788.004539,3.498237,0
163.2,788.062977,3.680089,0
163.3,788.322868,3.874694,0
163.4,788.779824,4.074296,0
163.5,789.426134,4.270935,0
163.6,790.250891,4.456773,0
163.7,791.240176,4.624401,0
163.8,792.377294,4.767136,0
163.9,793.643054,4.879287,0
164,795.016096,4.956385,0
164.1,796.473246,4.995354,0
164.2,797.989915,4.994642,0
164.3,799.540507,4.954276,0
164.4,801.098853,4.875867,0
164.5,802.638655,4.762539,0
164.6,804.133926,4.618811,0
164.7,805.559432,4.450414,0
164.8,806.891116,4.264059,0
164.9,808.106504,4.067178,0
165,809.185085,3.867618,0
165.1,810.108657,3.673336,0
165.2,810.861632,3.492077,0
165.3,811.431305,3.331068,0
165.4,811.80806,3.196726,0
165.5,811.98554,3.094409,0
165.6,811.960749,3.028194,0
165.7,811.734107,3.000723,0
165.8,811.309437,3.013089,0
165.9,810.693906,3.064801,0
166,809.897903,3.153796,0
166.1,808.934861,3.276526,0
166.2,807.821032,3.428099,0
166.3,806.575214,3.602472,0
166.4,805.218431,3.792693,0
166.5,803.773581,3.991179,0
166.6,802.265047,4.190016,0
166.7,800.718288,4.381278,0
166.8,799.159406,4.55734,0
166.9,797.614711,4.711182,0
167,796.11027,4.836672,0
167.1,794.671473,4.928806,0
167.2,793.322602,4.983912,0
167.3,792.08642,4.999792,0
167.4,790.983789,4.975814,0
167.5,790.033317,4.912933,0
167.6,789.251045,4.813656,0
167.7,788.650175,4.681942,0
167.8,788.240847,4.52304,0
167.9,788.029969,4.343287,0
168,788.0211,4.149847,0
168.1,788.21439,3.950434,0
168.2,788.606575,3.752997,0
168.3,789.191039,3.565407,0
168.4,789.957917,3.395143,0
168.5,790.894267,3.248993,0
168.6,791.984287,3.132783,0
168.7,793.209583,3.051146,0
168.8,794.549475,3.007337,0
168.9,795.981351,3.003102,0
169,797.481047,3.038611,0
169.1,799.023253,3.112447,0
169.2,800.581943,3.221667,0
169.3,802.130812,3.361917,0
169.4,803.64372,3.527605,0
169.5,805.095137,3.712126,0
169.6,806.460567,3.908123,0
169.7,807.716967,4.107784,0
169.8,808.843134,4.303147,0
169.9,809.820063,4.486425,0
170,810.631266,4.650311,0
170.1,811.263053,4.788271,0
170.2,811.704763,4.894805,0
170.3,811.94894,4.965666,0
170.4,811.991465,4.998029,0
170.5,811.831619,4.990603,0
170.6,811.472101,4.943686,0
170.7,810.918977,4.859146,0
170.8,810.181581,4.740356,0
170.9,809.27236,4.592049,0
171,808.206656,4.42014,0
171.1,807.002454,4.23148,0
171.2,805.680078,4.033593,0
171.3,804.261844,3.834366,0
171.4,802.771685,3.641743,0
171.5,801.234752,3.463402,0
171.6,799.67698,3.306453,0
171.7,798.12466,3.177154,0
171.8,796.603988,3.08066,0
171.9,795.140628,3.020816,0
172,793.759276,3.00001,0
172.1,792.483244,3.01907,0
172.2,791.334066,3.077236,0
172.3,790.331136,3.17219,0
172.4,789.49138,3.300147,0
172.5,788.82897,3.456004,0
172.6,788.355084,3.633549,0
172.7,788.077721,3.825703,0
172.8,788.00156,4.024806,0
172.9,788.127888,4.222919,0
173,788.454572,4.412146,0
173.1,788.976099,4.584942,0
173.2,789.683667,4.734418,0
173.3,790.565337,4.854615,0
173.4,791.606228,4.940741,0
173.5,792.788773,4.989363,0
173.6,794.093017,4.998542,0
173.7,795.496949,4.967912,0
173.8,796.976875,4.898695,0
173.9,798.50782,4.79365,0
174,800.063947,4.656964,0
174.1,801.618995,4.494087,0
174.2,803.146721,4.311513,0
174.3,804.621341,4.116519,0
174.4,806.017971,3.916881,0
174.5,807.313041,3.720556,0
174.6,808.484694,3.535371,0
174.7,809.513158,3.36871,0
174.8,810.381075,3.227216,0
174.9,811.073799,3.116531,0
175,811.57964,3.041067,0
175.1,811.89006,3.003833,0
175.2,811.999821,3.006312,0
175.3,811.90707,3.048407,0
175.4,811.613373,3.128439,0
175.5,811.123686,3.243217,0
175.6,810.446274,3.388166,0
175.7,809.592568,3.557507,0
175.8,808.576976,3.744488,0
175.9,807.416637,3.941656,0
176,806.131133,4.14115,0
176.1,804.742159,4.335017,0
176.2,803.273155,4.515527,0
176.3,801.748913,4.675485,0
176.4,800.195156,4.808514,0
176.5,798.638105,4.90931,0
176.6,797.104038,4.973854,0
176.7,795.618844,4.999574,0
176.8,794.207587,4.985445,0
176.9,792.894084,4.932028,0
177,791.700502,4.841455,0
177.1,790.646984,4.717335,0
177.2,789.75131,4.564618,0
177.3,789.028594,4.389391,0
177.4,788.491035,4.19864,0
177.5,788.147703,3.99997,0
177.6,788.004393,3.801301,0
177.7,788.063524,3.610554,0
177.8,788.324097,3.435333,0
177.9,788.781715,3.282623,0
178,789.428655,3.158513,0
178.1,790.253999,3.06795,0
178.2,791.243819,3.014545,0
178.3,792.381411,3.000427,0
178.4,793.647575,3.026159,0
178.5,795.020944,3.090715,0
178.6,796.47834,3.191521,0
178.7,797.995169,3.324559,0
178.8,799.545832,3.484524,0
178.9,801.10416,3.66504,0
179,802.643853,3.85891,0
179.1,804.138928,4.058404,0
179.2,805.564154,4.25557,0
179.3,806.895478,4.442547,0
179.4,808.110432,4.611882,0
179.5,809.188513,4.756822,0
179.6,810.111527,4.871591,0
179.7,810.863897,4.951611,0
179.8,811.432925,4.993694,0
179.9,811.809008,4.996162,0
180,811.9858,4.958916,0
