Time [s],Heater [%],Sensor A [degC],Sensor B [degC]
0,0,22,22
1,0,22,22
2,0,22,22
3,0,22,22
4,0,22,22
5,0,22,22
6,0,22,22
7,0,22,22
8,0,22,22
9,0,22,22
10,0,22,22
11,0,22,22
12,0,22,22
13,0,22,22
14,0,22,22
15,0,22,22
16,0,22,22
17,0,22,22
18,0,22,22
19,0,22,22
20,0,22,22
21,0,22,22
22,0,22,22
23,0,22,22
24,0,22,22
25,0,22,22
26,0,22,22
27,0,22,22
28,0,22,22
29,0,22,22
30,100,22,22
31,100,23.684035,22
32,100,25.308987,22
33,100,26.876929,22
34,100,28.389861,22
35,100,29.849713,22
36,100,31.258348,22
37,100,32.617562,22
38,100,33.92909,22
39,100,35.194604,23.239353
40,100,36.415718,24.443798
41,100,37.593991,25.614317
42,100,38.730925,26.751865
43,100,39.827971,27.857372
44,100,40.886528,28.931741
45,100,41.907947,29.975847
46,100,42.89353,30.990544
47,100,43.844535,31.976659
48,100,44.762175,32.934999
49,100,45.64762,33.866345
50,100,46.502,34.771458
51,100,47.326405,35.651076
52,100,48.121887,36.505918
53,100,48.88946,37.336681
54,100,49.630103,38.144045
55,100,50.344762,38.928667
56,100,51.034347,39.691189
57,100,51.699739,40.432232
58,100,52.341787,41.152403
59,100,52.961309,41.852288
60,100,53.559095,42.53246
61,100,54.135909,43.193473
62,100,54.692485,43.835867
63,100,55.229535,44.460167
64,100,55.747743,45.066882
65,100,56.24777,45.656508
66,100,56.730254,46.229526
67,100,57.19581,46.786403
68,100,57.645033,47.327595
69,100,58.078496,47.853543
70,100,58.49675,48.364676
71,100,58.900331,48.861413
72,100,59.289752,49.344157
73,100,59.665511,49.813305
74,100,60.028087,50.269237
75,100,60.377942,50.712328
76,100,60.715523,51.142937
77,100,61.04126,51.561418
78,100,61.355569,51.968111
79,100,61.658851,52.363349
80,100,61.951492,52.747455
81,100,62.233866,53.120741
82,100,62.506334,53.483512
83,100,62.769242,53.836066
84,100,63.022926,54.178689
85,100,63.26771,54.511661
86,100,63.503906,54.835255
87,100,63.731816,55.149734
88,100,63.951729,55.455354
89,100,64.163927,55.752367
90,100,64.36868,56.041013
91,100,64.56625,56.321529
92,100,64.756888,56.594144
93,100,64.940837,56.85908
94,100,65.118333,57.116553
95,100,65.289602,57.366774
96,100,65.454862,57.609948
97,100,65.614324,57.846271
98,100,65.768191,58.075938
99,100,65.91666,58.299136
100,100,66.05992,58.516047
101,100,66.198154,58.726849
102,100,66.331538,58.931713
103,100,66.460243,59.130806
104,100,66.584432,59.324291
105,100,66.704264,59.512327
106,100,66.819892,59.695066
107,100,66.931463,59.872658
108,100,67.039119,60.045248
109,100,67.142999,60.212976
110,100,67.243234,60.37598
111,100,67.339953,60.534392
112,100,67.433278,60.688343
113,100,67.523329,60.837957
114,100,67.610221,60.983357
115,100,67.694064,61.124661
116,100,67.774965,61.261985
117,100,67.853029,61.395442
118,100,67.928353,61.525139
119,100,68.001035,61.651183
120,100,68.071167,61.773676
121,100,68.138838,61.89272
122,100,68.204135,62.00841
123,100,68.267141,62.120842
124,100,68.327937,62.230106
125,100,68.3866,62.336293
126,100,68.443204,62.43949
127,100,68.497823,62.539779
128,100,68.550526,62.637243
129,100,68.601379,62.731963
130,100,68.650448,62.824014
131,100,68.697796,62.913472
132,100,68.743483,63.000411
133,100,68.787566,63.084901
134,100,68.830103,63.167011
135,100,68.871148,63.246808
136,100,68.910753,63.324357
137,100,68.948968,63.399722
138,100,68.985843,63.472965
139,100,69.021423,63.544144
140,100,69.055756,63.613318
141,100,69.088884,63.680544
142,100,69.120849,63.745877
143,100,69.151694,63.809369
144,100,69.181456,63.871073
145,100,69.210173,63.931039
146,100,69.237884,63.989315
147,100,69.264622,64.04595
148,100,69.290422,64.10099
149,100,69.315317,64.15448
150,0,69.339338,64.206463
151,0,68.4864,64.256982
152,0,67.648831,64.306078
153,0,66.826352,64.353791
154,0,66.018692,64.40016
155,0,65.225584,64.445222
156,0,64.446766,64.489016
157,0,63.68198,64.531576
158,0,62.930974,64.572937
159,0,62.193499,63.805878
160,0,61.469311,63.05264
161,0,60.758172,62.312973
162,0,60.059846,61.586633
163,0,59.374101,60.87338
164,0,58.700713,60.172978
165,0,58.039457,59.485195
166,0,57.390115,58.809804
167,0,56.752472,58.146583
168,0,56.126319,57.495311
169,0,55.511447,56.855773
170,0,54.907654,56.227758
171,0,54.314739,55.611059
172,0,53.732507,55.005471
173,0,53.160766,54.410794
174,0,52.599326,53.826831
175,0,52.048002,53.253391
176,0,51.506611,52.690282
177,0,50.974975,52.137319
178,0,50.452918,51.594319
179,0,49.940267,51.061103
180,0,49.436852,50.537493
181,0,48.942508,50.023318
182,0,48.457071,49.518407
183,0,47.98038,49.022594
184,0,47.512277,48.535714
185,0,47.052609,48.057606
186,0,46.601223,47.588112
187,0,46.15797,47.127078
188,0,45.722703,46.67435
189,0,45.295279,46.229779
190,0,44.875556,45.793218
191,0,44.463395,45.364523
192,0,44.05866,44.943553
193,0,43.661217,44.530166
194,0,43.270936,44.124229
195,0,42.887686,43.725605
196,0,42.511342,43.334163
197,0,42.141778,42.949774
198,0,41.778873,42.572311
199,0,41.422507,42.201649
200,0,41.072561,41.837665
201,0,40.728921,41.48024
202,0,40.391472,41.129254
203,0,40.060103,40.784592
204,0,39.734705,40.44614
205,0,39.415169,40.113786
206,0,39.101391,39.787421
207,0,38.793266,39.466935
208,0,38.490693,39.152224
209,0,38.193572,38.843184
210,0,37.901804,38.539711
211,0,37.615292,38.241707
212,0,37.333943,37.949071
213,0,37.057664,37.661708
214,0,36.786362,37.379523
215,0,36.519948,37.102422
216,0,36.258335,36.830314
217,0,36.001435,36.563108
218,0,35.749164,36.300717
219,0,35.501438,36.043054
220,0,35.258175,35.790033
221,0,35.019296,35.54157
222,0,34.78472,35.297585
223,0,34.554371,35.057995
224,0,34.328172,34.822722
225,0,34.106049,34.591689
226,0,33.887928,34.364818
227,0,33.673737,34.142034
228,0,33.463405,33.923265
229,0,33.256863,33.708437
230,0,33.054042,33.49748
231,0,32.854876,33.290324
232,0,32.659298,33.0869
233,0,32.467244,32.887142
234,0,32.27865,32.690982
235,0,32.093454,32.498357
236,0,31.911595,32.309203
237,0,31.733012,32.123456
238,0,31.557648,31.941057
239,0,31.385442,31.761943
240,0,31.21634,31.586057
