Time [s],Reference [g],Measured [g]
0,0,0.015577
0.005,0.062791,0.255563
0.01,0.125333,0.354985
0.015,0.187381,0.398093
0.02,0.24869,0.423216
0.025,0.309017,0.380295
0.03,0.368125,0.323912
0.035,0.425779,0.289573
0.04,0.481754,0.232708
0.045,0.535827,0.243752
0.05,0.587785,0.426369
0.055,0.637424,0.660768
0.06,0.684547,0.827208
0.065,0.728969,0.951508
0.07,0.770513,1.006969
0.075,0.809017,0.968239
0.08,0.844328,0.928593
0.085,0.876307,0.886475
0.09,0.904827,0.759727
0.095,0.929776,0.64945
0.1,0.951057,0.685195
0.105,0.968583,0.807789
0.11,0.982287,0.961363
0.115,0.992115,1.136777
0.12,0.998027,1.226285
0.125,1,1.198792
0.13,0.998027,1.172072
0.135,0.992115,1.132883
0.14,0.982287,0.985948
0.145,0.968583,0.81002
0.15,0.951057,0.703273
0.155,0.929776,0.655066
0.16,0.904827,0.709631
0.165,0.876307,0.872293
0.17,0.844328,0.98275
0.175,0.809017,0.98383
0.18,0.770513,0.97806
0.185,0.728969,0.945847
0.19,0.684547,0.816473
0.195,0.637424,0.648821
0.2,0.587785,0.468914
0.205,0.535827,0.270593
0.21,0.481754,0.182987
0.215,0.425779,0.261443
0.22,0.368125,0.353904
0.225,0.309017,0.392273
0.23,0.24869,0.427206
0.235,0.187381,0.412684
0.24,0.125333,0.322264
0.245,0.062791,0.2189
0.25,0,0.056842
0.255,-0.062791,-0.203186
0.26,-0.125333,-0.403526
0.265,-0.187381,-0.447583
0.27,-0.24869,-0.424338
0.275,-0.309017,-0.366126
0.28,-0.368125,-0.277858
0.285,-0.425779,-0.255548
0.29,-0.481754,-0.293282
0.295,-0.535827,-0.309358
0.3,-0.587785,-0.387561
0.305,-0.637424,-0.601427
0.31,-0.684547,-0.824099
0.315,-0.728969,-0.967754
0.32,-0.770513,-1.045287
0.325,-0.809017,-1.007943
0.33,-0.844328,-0.882221
0.335,-0.876307,-0.811245
0.34,-0.904827,-0.78505
0.345,-0.929776,-0.717264
0.35,-0.951057,-0.693683
0.355,-0.968583,-0.787832
0.36,-0.982287,-0.929224
0.365,-0.992115,-1.095375
0.37,-0.998027,-1.257614
0.375,-1,-1.279179
0.38,-0.998027,-1.162967
0.385,-0.992115,-1.059364
0.39,-0.982287,-0.968733
0.395,-0.968583,-0.834034
0.4,-0.951057,-0.731762
0.405,-0.929776,-0.694796
0.41,-0.904827,-0.692645
0.415,-0.876307,-0.791542
0.42,-0.844328,-0.9743
0.425,-0.809017,-1.059177
0.43,-0.770513,-1.006767
0.435,-0.728969,-0.918816
0.44,-0.684547,-0.788601
0.445,-0.637424,-0.613088
0.45,-0.587785,-0.473621
0.455,-0.535827,-0.347155
0.46,-0.481754,-0.208748
0.465,-0.425779,-0.18881
0.47,-0.368125,-0.311996
0.475,-0.309017,-0.420005
0.48,-0.24869,-0.457464
0.485,-0.187381,-0.443415
0.49,-0.125333,-0.326768
0.495,-0.062791,-0.150304
0.5,0,-0.015577
0.505,0.062791,0.137931
0.51,0.125333,0.348095
0.515,0.187381,0.472727
0.52,0.24869,0.45942
0.525,0.309017,0.392247
0.53,0.368125,0.287992
0.535,0.425779,0.197501
0.54,0.481754,0.239656
0.545,0.535827,0.363014
0.55,0.587785,0.455309
0.555,0.637424,0.582685
0.56,0.684547,0.782763
0.565,0.728969,0.944583
0.57,0.770513,1.033071
0.575,0.809017,1.054303
0.58,0.844328,0.944125
0.585,0.876307,0.772448
0.59,0.904827,0.707653
0.595,0.929776,0.725811
0.6,0.951057,0.741389
0.605,0.968583,0.810666
0.61,0.982287,0.940545
0.615,0.992115,1.060342
0.62,0.998027,1.191932
0.625,1,1.301208
0.63,0.998027,1.246145
0.635,0.992115,1.064236
0.64,0.982287,0.915959
0.645,0.968583,0.808434
0.65,0.951057,0.723311
0.655,0.929776,0.720196
0.66,0.904827,0.75775
0.665,0.876307,0.786629
0.67,0.844328,0.889969
0.675,0.809017,1.038713
0.68,0.770513,1.06198
0.685,0.728969,0.950243
0.69,0.684547,0.793498
0.695,0.637424,0.594631
0.7,0.587785,0.412764
0.705,0.535827,0.336173
0.71,0.481754,0.289377
0.715,0.425779,0.225631
0.72,0.368125,0.258
0.725,0.309017,0.38027
0.73,0.24869,0.45543
0.735,0.187381,0.458136
0.74,0.125333,0.380816
0.745,0.062791,0.174594
0.75,0,-0.056842
0.755,-0.062791,-0.190309
0.76,-0.125333,-0.299554
0.765,-0.187381,-0.423237
0.77,-0.24869,-0.458298
0.775,-0.309017,-0.406416
0.78,-0.368125,-0.334046
0.785,-0.425779,-0.231526
0.79,-0.481754,-0.179082
0.795,-0.535827,-0.297408
0.8,-0.587785,-0.494117
0.805,-0.637424,-0.642025
0.81,-0.684547,-0.785872
0.815,-0.728969,-0.928337
0.82,-0.770513,-0.994753
0.825,-0.809017,-1.014599
0.83,-0.844328,-0.990497
0.835,-0.876307,-0.847677
0.84,-0.904827,-0.682331
0.845,-0.929776,-0.657997
0.85,-0.951057,-0.732902
0.855,-0.968583,-0.830623
0.86,-0.982287,-0.972684
0.865,-0.992115,-1.101744
0.87,-0.998027,-1.160604
0.875,-1,-1.220821
0.88,-0.998027,-1.255251
0.885,-0.992115,-1.137755
0.89,-0.982287,-0.933175
0.895,-0.968583,-0.78442
0.9,-0.951057,-0.694822
0.905,-0.929776,-0.680465
0.91,-0.904827,-0.774736
0.915,-0.876307,-0.867381
0.92,-0.844328,-0.898418
0.925,-0.809017,-0.963366
0.93,-0.770513,-1.033273
0.935,-0.728969,-0.977274
0.94,-0.684547,-0.82137
0.945,-0.637424,-0.630365
0.95,-0.587785,-0.408057
0.955,-0.535827,-0.25961
0.96,-0.481754,-0.263616
0.965,-0.425779,-0.298265
0.97,-0.368125,-0.299908
0.975,-0.309017,-0.352537
0.98,-0.24869,-0.425172
0.985,-0.187381,-0.427405
0.99,-0.125333,-0.376312
0.995,-0.062791,-0.243191
1,0,0.015577
1.005,0.062791,0.255563
1.01,0.125333,0.354985
1.015,0.187381,0.398093
1.02,0.24869,0.423216
1.025,0.309017,0.380295
1.03,0.368125,0.323912
1.035,0.425779,0.289573
1.04,0.481754,0.232708
1.045,0.535827,0.243752
1.05,0.587785,0.426369
1.055,0.637424,0.660768
1.06,0.684547,0.827208
1.065,0.728969,0.951508
1.07,0.770513,1.006969
1.075,0.809017,0.968239
1.08,0.844328,0.928593
1.085,0.876307,0.886475
1.09,0.904827,0.759727
1.095,0.929776,0.64945
1.1,0.951057,0.685195
1.105,0.968583,0.807789
1.11,0.982287,0.961363
1.115,0.992115,1.136777
1.12,0.998027,1.226285
1.125,1,1.198792
1.13,0.998027,1.172072
1.135,0.992115,1.132883
1.14,0.982287,0.985948
1.145,0.968583,0.81002
1.15,0.951057,0.703273
1.155,0.929776,0.655066
1.16,0.904827,0.709631
1.165,0.876307,0.872293
1.17,0.844328,0.98275
1.175,0.809017,0.98383
1.18,0.770513,0.97806
1.185,0.728969,0.945847
1.19,0.684547,0.816473
1.195,0.637424,0.648821
1.2,0.587785,0.468914
1.205,0.535827,0.270593
1.21,0.481754,0.182987
1.215,0.425779,0.261443
1.22,0.368125,0.353904
1.225,0.309017,0.392273
1.23,0.24869,0.427206
1.235,0.187381,0.412684
1.24,0.125333,0.322264
1.245,0.062791,0.2189
1.25,0,0.056842
1.255,-0.062791,-0.203186
1.26,-0.125333,-0.403526
1.265,-0.187381,-0.447583
1.27,-0.24869,-0.424338
1.275,-0.309017,-0.366126
1.28,-0.368125,-0.277858
1.285,-0.425779,-0.255548
1.29,-0.481754,-0.293282
1.295,-0.535827,-0.309358
1.3,-0.587785,-0.387561
1.305,-0.637424,-0.601427
1.31,-0.684547,-0.824099
1.315,-0.728969,-0.967754
1.32,-0.770513,-1.045287
1.325,-0.809017,-1.007943
1.33,-0.844328,-0.882221
1.335,-0.876307,-0.811245
1.34,-0.904827,-0.78505
1.345,-0.929776,-0.717264
1.35,-0.951057,-0.693683
1.355,-0.968583,-0.787832
1.36,-0.982287,-0.929224
1.365,-0.992115,-1.095375
1.37,-0.998027,-1.257614
1.375,-1,-1.279179
1.38,-0.998027,-1.162967
1.385,-0.992115,-1.059364
1.39,-0.982287,-0.968733
1.395,-0.968583,-0.834034
1.4,-0.951057,-0.731762
1.405,-0.929776,-0.694796
1.41,-0.904827,-0.692645
1.415,-0.876307,-0.791542
1.42,-0.844328,-0.9743
1.425,-0.809017,-1.059177
1.43,-0.770513,-1.006767
1.435,-0.728969,-0.918816
1.44,-0.684547,-0.788601
1.445,-0.637424,-0.613088
1.45,-0.587785,-0.473621
1.455,-0.535827,-0.347155
1.46,-0.481754,-0.208748
1.465,-0.425779,-0.18881
1.47,-0.368125,-0.311996
1.475,-0.309017,-0.420005
1.48,-0.24869,-0.457464
1.485,-0.187381,-0.443415
1.49,-0.125333,-0.326768
1.495,-0.062791,-0.150304
1.5,0,-0.015577
1.505,0.062791,0.137931
1.51,0.125333,0.348095
1.515,0.187381,0.472727
1.52,0.24869,0.45942
1.525,0.309017,0.392247
1.53,0.368125,0.287992
1.535,0.425779,0.197501
1.54,0.481754,0.239656
1.545,0.535827,0.363014
1.55,0.587785,0.455309
1.555,0.637424,0.582685
1.56,0.684547,0.782763
1.565,0.728969,0.944583
1.57,0.770513,1.033071
1.575,0.809017,1.054303
1.58,0.844328,0.944125
1.585,0.876307,0.772448
1.59,0.904827,0.707653
1.595,0.929776,0.725811
1.6,0.951057,0.741389
1.605,0.968583,0.810666
1.61,0.982287,0.940545
1.615,0.992115,1.060342
1.62,0.998027,1.191932
1.625,1,1.301208
1.63,0.998027,1.246145
1.635,0.992115,1.064236
1.64,0.982287,0.915959
1.645,0.968583,0.808434
1.65,0.951057,0.723311
1.655,0.929776,0.720196
1.66,0.904827,0.75775
1.665,0.876307,0.786629
1.67,0.844328,0.889969
1.675,0.809017,1.038713
1.68,0.770513,1.06198
1.685,0.728969,0.950243
1.69,0.684547,0.793498
1.695,0.637424,0.594631
1.7,0.587785,0.412764
1.705,0.535827,0.336173
1.71,0.481754,0.289377
1.715,0.425779,0.225631
1.72,0.368125,0.258
1.725,0.309017,0.38027
1.73,0.24869,0.45543
1.735,0.187381,0.458136
1.74,0.125333,0.380816
1.745,0.062791,0.174594
1.75,0,-0.056842
1.755,-0.062791,-0.190309
1.76,-0.125333,-0.299554
1.765,-0.187381,-0.423237
1.77,-0.24869,-0.458298
1.775,-0.309017,-0.406416
1.78,-0.368125,-0.334046
1.785,-0.425779,-0.231526
1.79,-0.481754,-0.179082
1.795,-0.535827,-0.297408
1.8,-0.587785,-0.494117
1.805,-0.637424,-0.642025
1.81,-0.684547,-0.785872
1.815,-0.728969,-0.928337
1.82,-0.770513,-0.994753
1.825,-0.809017,-1.014599
1.83,-0.844328,-0.990497
1.835,-0.876307,-0.847677
1.84,-0.904827,-0.682331
1.845,-0.929776,-0.657997
1.85,-0.951057,-0.732902
1.855,-0.968583,-0.830623
1.86,-0.982287,-0.972684
1.865,-0.992115,-1.101744
1.87,-0.998027,-1.160604
1.875,-1,-1.220821
1.88,-0.998027,-1.255251
1.885,-0.992115,-1.137755
1.89,-0.982287,-0.933175
1.895,-0.968583,-0.78442
1.9,-0.951057,-0.694822
1.905,-0.929776,-0.680465
1.91,-0.904827,-0.774736
1.915,-0.876307,-0.867381
1.92,-0.844328,-0.898418
1.925,-0.809017,-0.963366
1.93,-0.770513,-1.033273
1.935,-0.728969,-0.977274
1.94,-0.684547,-0.82137
1.945,-0.637424,-0.630365
1.95,-0.587785,-0.408057
1.955,-0.535827,-0.25961
1.96,-0.481754,-0.263616
1.965,-0.425779,-0.298265
1.97,-0.368125,-0.299908
1.975,-0.309017,-0.352537
1.98,-0.24869,-0.425172
1.985,-0.187381,-0.427405
1.99,-0.125333,-0.376312
1.995,-0.062791,-0.243191
2,0,0.015577
2.005,0.062791,0.255563
2.01,0.125333,0.354985
2.015,0.187381,0.398093
2.02,0.24869,0.423216
2.025,0.309017,0.380295
2.03,0.368125,0.323912
2.035,0.425779,0.289573
2.04,0.481754,0.232708
2.045,0.535827,0.243752
2.05,0.587785,0.426369
2.055,0.637424,0.660768
2.06,0.684547,0.827208
2.065,0.728969,0.951508
2.07,0.770513,1.006969
2.075,0.809017,0.968239
2.08,0.844328,0.928593
2.085,0.876307,0.886475
2.09,0.904827,0.759727
2.095,0.929776,0.64945
2.1,0.951057,0.685195
2.105,0.968583,0.807789
2.11,0.982287,0.961363
2.115,0.992115,1.136777
2.12,0.998027,1.226285
2.125,1,1.198792
2.13,0.998027,1.172072
2.135,0.992115,1.132883
2.14,0.982287,0.985948
2.145,0.968583,0.81002
2.15,0.951057,0.703273
2.155,0.929776,0.655066
2.16,0.904827,0.709631
2.165,0.876307,0.872293
2.17,0.844328,0.98275
2.175,0.809017,0.98383
2.18,0.770513,0.97806
2.185,0.728969,0.945847
2.19,0.684547,0.816473
2.195,0.637424,0.648821
2.2,0.587785,0.468914
2.205,0.535827,0.270593
2.21,0.481754,0.182987
2.215,0.425779,0.261443
2.22,0.368125,0.353904
2.225,0.309017,0.392273
2.23,0.24869,0.427206
2.235,0.187381,0.412684
2.24,0.125333,0.322264
2.245,0.062791,0.2189
2.25,0,0.056842
2.255,-0.062791,-0.203186
2.26,-0.125333,-0.403526
2.265,-0.187381,-0.447583
2.27,-0.24869,-0.424338
2.275,-0.309017,-0.366126
2.28,-0.368125,-0.277858
2.285,-0.425779,-0.255548
2.29,-0.481754,-0.293282
2.295,-0.535827,-0.309358
2.3,-0.587785,-0.387561
2.305,-0.637424,-0.601427
2.31,-0.684547,-0.824099
2.315,-0.728969,-0.967754
2.32,-0.770513,-1.045287
2.325,-0.809017,-1.007943
2.33,-0.844328,-0.882221
2.335,-0.876307,-0.811245
2.34,-0.904827,-0.78505
2.345,-0.929776,-0.717264
2.35,-0.951057,-0.693683
2.355,-0.968583,-0.787832
2.36,-0.982287,-0.929224
2.365,-0.992115,-1.095375
2.37,-0.998027,-1.257614
2.375,-1,-1.279179
2.38,-0.998027,-1.162967
2.385,-0.992115,-1.059364
2.39,-0.982287,-0.968733
2.395,-0.968583,-0.834034
2.4,-0.951057,-0.731762
2.405,-0.929776,-0.694796
2.41,-0.904827,-0.692645
2.415,-0.876307,-0.791542
2.42,-0.844328,-0.9743
2.425,-0.809017,-1.059177
2.43,-0.770513,-1.006767
2.435,-0.728969,-0.918816
2.44,-0.684547,-0.788601
2.445,-0.637424,-0.613088
2.45,-0.587785,-0.473621
2.455,-0.535827,-0.347155
2.46,-0.481754,-0.208748
2.465,-0.425779,-0.18881
2.47,-0.368125,-0.311996
2.475,-0.309017,-0.420005
2.48,-0.24869,-0.457464
2.485,-0.187381,-0.443415
2.49,-0.125333,-0.326768
2.495,-0.062791,-0.150304
2.5,0,-0.015577
2.505,0.062791,0.137931
2.51,0.125333,0.348095
2.515,0.187381,0.472727
2.52,0.24869,0.45942
2.525,0.309017,0.392247
2.53,0.368125,0.287992
2.535,0.425779,0.197501
2.54,0.481754,0.239656
2.545,0.535827,0.363014
2.55,0.587785,0.455309
2.555,0.637424,0.582685
2.56,0.684547,0.782763
2.565,0.728969,0.944583
2.57,0.770513,1.033071
2.575,0.809017,1.054303
2.58,0.844328,0.944125
2.585,0.876307,0.772448
2.59,0.904827,0.707653
2.595,0.929776,0.725811
2.6,0.951057,0.741389
2.605,0.968583,0.810666
2.61,0.982287,0.940545
2.615,0.992115,1.060342
2.62,0.998027,1.191932
2.625,1,1.301208
2.63,0.998027,1.246145
2.635,0.992115,1.064236
2.64,0.982287,0.915959
2.645,0.968583,0.808434
2.65,0.951057,0.723311
2.655,0.929776,0.720196
2.66,0.904827,0.75775
2.665,0.876307,0.786629
2.67,0.844328,0.889969
2.675,0.809017,1.038713
2.68,0.770513,1.06198
2.685,0.728969,0.950243
2.69,0.684547,0.793498
2.695,0.637424,0.594631
2.7,0.587785,0.412764
2.705,0.535827,0.336173
2.71,0.481754,0.289377
2.715,0.425779,0.225631
2.72,0.368125,0.258
2.725,0.309017,0.38027
2.73,0.24869,0.45543
2.735,0.187381,0.458136
2.74,0.125333,0.380816
2.745,0.062791,0.174594
2.75,0,-0.056842
2.755,-0.062791,-0.190309
2.76,-0.125333,-0.299554
2.765,-0.187381,-0.423237
2.77,-0.24869,-0.458298
2.775,-0.309017,-0.406416
2.78,-0.368125,-0.334046
2.785,-0.425779,-0.231526
2.79,-0.481754,-0.179082
2.795,-0.535827,-0.297408
2.8,-0.587785,-0.494117
2.805,-0.637424,-0.642025
2.81,-0.684547,-0.785872
2.815,-0.728969,-0.928337
2.82,-0.770513,-0.994753
2.825,-0.809017,-1.014599
2.83,-0.844328,-0.990497
2.835,-0.876307,-0.847677
2.84,-0.904827,-0.682331
2.845,-0.929776,-0.657997
2.85,-0.951057,-0.732902
2.855,-0.968583,-0.830623
2.86,-0.982287,-0.972684
2.865,-0.992115,-1.101744
2.87,-0.998027,-1.160604
2.875,-1,-1.220821
2.88,-0.998027,-1.255251
2.885,-0.992115,-1.137755
2.89,-0.982287,-0.933175
2.895,-0.968583,-0.78442
2.9,-0.951057,-0.694822
2.905,-0.929776,-0.680465
2.91,-0.904827,-0.774736
2.915,-0.876307,-0.867381
2.92,-0.844328,-0.898418
2.925,-0.809017,-0.963366
2.93,-0.770513,-1.033273
2.935,-0.728969,-0.977274
2.94,-0.684547,-0.82137
2.945,-0.637424,-0.630365
2.95,-0.587785,-0.408057
2.955,-0.535827,-0.25961
2.96,-0.481754,-0.263616
2.965,-0.425779,-0.298265
2.97,-0.368125,-0.299908
2.975,-0.309017,-0.352537
2.98,-0.24869,-0.425172
2.985,-0.187381,-0.427405
2.99,-0.125333,-0.376312
2.995,-0.062791,-0.243191
3,0,0.015577
3.005,0.062791,0.255563
3.01,0.125333,0.354985
3.015,0.187381,0.398093
3.02,0.24869,0.423216
3.025,0.309017,0.380295
3.03,0.368125,0.323912
3.035,0.425779,0.289573
3.04,0.481754,0.232708
3.045,0.535827,0.243752
3.05,0.587785,0.426369
3.055,0.637424,0.660768
3.06,0.684547,0.827208
3.065,0.728969,0.951508
3.07,0.770513,1.006969
3.075,0.809017,0.968239
3.08,0.844328,0.928593
3.085,0.876307,0.886475
3.09,0.904827,0.759727
3.095,0.929776,0.64945
3.1,0.951057,0.685195
3.105,0.968583,0.807789
3.11,0.982287,0.961363
3.115,0.992115,1.136777
3.12,0.998027,1.226285
3.125,1,1.198792
3.13,0.998027,1.172072
3.135,0.992115,1.132883
3.14,0.982287,0.985948
3.145,0.968583,0.81002
3.15,0.951057,0.703273
3.155,0.929776,0.655066
3.16,0.904827,0.709631
3.165,0.876307,0.872293
3.17,0.844328,0.98275
3.175,0.809017,0.98383
3.18,0.770513,0.97806
3.185,0.728969,0.945847
3.19,0.684547,0.816473
3.195,0.637424,0.648821
3.2,0.587785,0.468914
3.205,0.535827,0.270593
3.21,0.481754,0.182987
3.215,0.425779,0.261443
3.22,0.368125,0.353904
3.225,0.309017,0.392273
3.23,0.24869,0.427206
3.235,0.187381,0.412684
3.24,0.125333,0.322264
3.245,0.062791,0.2189
3.25,0,0.056842
3.255,-0.062791,-0.203186
3.26,-0.125333,-0.403526
3.265,-0.187381,-0.447583
3.27,-0.24869,-0.424338
3.275,-0.309017,-0.366126
3.28,-0.368125,-0.277858
3.285,-0.425779,-0.255548
3.29,-0.481754,-0.293282
3.295,-0.535827,-0.309358
3.3,-0.587785,-0.387561
3.305,-0.637424,-0.601427
3.31,-0.684547,-0.824099
3.315,-0.728969,-0.967754
3.32,-0.770513,-1.045287
3.325,-0.809017,-1.007943
3.33,-0.844328,-0.882221
3.335,-0.876307,-0.811245
3.34,-0.904827,-0.78505
3.345,-0.929776,-0.717264
3.35,-0.951057,-0.693683
3.355,-0.968583,-0.787832
3.36,-0.982287,-0.929224
3.365,-0.992115,-1.095375
3.37,-0.998027,-1.257614
3.375,-1,-1.279179
3.38,-0.998027,-1.162967
3.385,-0.992115,-1.059364
3.39,-0.982287,-0.968733
3.395,-0.968583,-0.834034
3.4,-0.951057,-0.731762
3.405,-0.929776,-0.694796
3.41,-0.904827,-0.692645
3.415,-0.876307,-0.791542
3.42,-0.844328,-0.9743
3.425,-0.809017,-1.059177
3.43,-0.770513,-1.006767
3.435,-0.728969,-0.918816
3.44,-0.684547,-0.788601
3.445,-0.637424,-0.613088
3.45,-0.587785,-0.473621
3.455,-0.535827,-0.347155
3.46,-0.481754,-0.208748
3.465,-0.425779,-0.18881
3.47,-0.368125,-0.311996
3.475,-0.309017,-0.420005
3.48,-0.24869,-0.457464
3.485,-0.187381,-0.443415
3.49,-0.125333,-0.326768
3.495,-0.062791,-0.150304
3.5,0,-0.015577
3.505,0.062791,0.137931
3.51,0.125333,0.348095
3.515,0.187381,0.472727
3.52,0.24869,0.45942
3.525,0.309017,0.392247
3.53,0.368125,0.287992
3.535,0.425779,0.197501
3.54,0.481754,0.239656
3.545,0.535827,0.363014
3.55,0.587785,0.455309
3.555,0.637424,0.582685
3.56,0.684547,0.782763
3.565,0.728969,0.944583
3.57,0.770513,1.033071
3.575,0.809017,1.054303
3.58,0.844328,0.944125
3.585,0.876307,0.772448
3.59,0.904827,0.707653
3.595,0.929776,0.725811
3.6,0.951057,0.741389
3.605,0.968583,0.810666
3.61,0.982287,0.940545
3.615,0.992115,1.060342
3.62,0.998027,1.191932
3.625,1,1.301208
3.63,0.998027,1.246145
3.635,0.992115,1.064236
3.64,0.982287,0.915959
3.645,0.968583,0.808434
3.65,0.951057,0.723311
3.655,0.929776,0.720196
3.66,0.904827,0.75775
3.665,0.876307,0.786629
3.67,0.844328,0.889969
3.675,0.809017,1.038713
3.68,0.770513,1.06198
3.685,0.728969,0.950243
3.69,0.684547,0.793498
3.695,0.637424,0.594631
3.7,0.587785,0.412764
3.705,0.535827,0.336173
3.71,0.481754,0.289377
3.715,0.425779,0.225631
3.72,0.368125,0.258
3.725,0.309017,0.38027
3.73,0.24869,0.45543
3.735,0.187381,0.458136
3.74,0.125333,0.380816
3.745,0.062791,0.174594
3.75,0,-0.056842
3.755,-0.062791,-0.190309
3.76,-0.125333,-0.299554
3.765,-0.187381,-0.423237
3.77,-0.24869,-0.458298
3.775,-0.309017,-0.406416
3.78,-0.368125,-0.334046
3.785,-0.425779,-0.231526
3.79,-0.481754,-0.179082
3.795,-0.535827,-0.297408
3.8,-0.587785,-0.494117
3.805,-0.637424,-0.642025
3.81,-0.684547,-0.785872
3.815,-0.728969,-0.928337
3.82,-0.770513,-0.994753
3.825,-0.809017,-1.014599
3.83,-0.844328,-0.990497
3.835,-0.876307,-0.847677
3.84,-0.904827,-0.682331
3.845,-0.929776,-0.657997
3.85,-0.951057,-0.732902
3.855,-0.968583,-0.830623
3.86,-0.982287,-0.972684
3.865,-0.992115,-1.101744
3.87,-0.998027,-1.160604
3.875,-1,-1.220821
3.88,-0.998027,-1.255251
3.885,-0.992115,-1.137755
3.89,-0.982287,-0.933175
3.895,-0.968583,-0.78442
3.9,-0.951057,-0.694822
3.905,-0.929776,-0.680465
3.91,-0.904827,-0.774736
3.915,-0.876307,-0.867381
3.92,-0.844328,-0.898418
3.925,-0.809017,-0.963366
3.93,-0.770513,-1.033273
3.935,-0.728969,-0.977274
3.94,-0.684547,-0.82137
3.945,-0.637424,-0.630365
3.95,-0.587785,-0.408057
3.955,-0.535827,-0.25961
3.96,-0.481754,-0.263616
3.965,-0.425779,-0.298265
3.97,-0.368125,-0.299908
3.975,-0.309017,-0.352537
3.98,-0.24869,-0.425172
3.985,-0.187381,-0.427405
3.99,-0.125333,-0.376312
3.995,-0.062791,-0.243191
4,0,0.015577
4.005,0.062791,0.255563
4.01,0.125333,0.354985
4.015,0.187381,0.398093
4.02,0.24869,0.423216
4.025,0.309017,0.380295
4.03,0.368125,0.323912
4.035,0.425779,0.289573
4.04,0.481754,0.232708
4.045,0.535827,0.243752
4.05,0.587785,0.426369
4.055,0.637424,0.660768
4.06,0.684547,0.827208
4.065,0.728969,0.951508
4.07,0.770513,1.006969
4.075,0.809017,0.968239
4.08,0.844328,0.928593
4.085,0.876307,0.886475
4.09,0.904827,0.759727
4.095,0.929776,0.64945
4.1,0.951057,0.685195
4.105,0.968583,0.807789
4.11,0.982287,0.961363
4.115,0.992115,1.136777
4.12,0.998027,1.226285
4.125,1,1.198792
4.13,0.998027,1.172072
4.135,0.992115,1.132883
4.14,0.982287,0.985948
4.145,0.968583,0.81002
4.15,0.951057,0.703273
4.155,0.929776,0.655066
4.16,0.904827,0.709631
4.165,0.876307,0.872293
4.17,0.844328,0.98275
4.175,0.809017,0.98383
4.18,0.770513,0.97806
4.185,0.728969,0.945847
4.19,0.684547,0.816473
4.195,0.637424,0.648821
4.2,0.587785,0.468914
4.205,0.535827,0.270593
4.21,0.481754,0.182987
4.215,0.425779,0.261443
4.22,0.368125,0.353904
4.225,0.309017,0.392273
4.23,0.24869,0.427206
4.235,0.187381,0.412684
4.24,0.125333,0.322264
4.245,0.062791,0.2189
4.25,0,0.056842
4.255,-0.062791,-0.203186
4.26,-0.125333,-0.403526
4.265,-0.187381,-0.447583
4.27,-0.24869,-0.424338
4.275,-0.309017,-0.366126
4.28,-0.368125,-0.277858
4.285,-0.425779,-0.255548
4.29,-0.481754,-0.293282
4.295,-0.535827,-0.309358
4.3,-0.587785,-0.387561
4.305,-0.637424,-0.601427
4.31,-0.684547,-0.824099
4.315,-0.728969,-0.967754
4.32,-0.770513,-1.045287
4.325,-0.809017,-1.007943
4.33,-0.844328,-0.882221
4.335,-0.876307,-0.811245
4.34,-0.904827,-0.78505
4.345,-0.929776,-0.717264
4.35,-0.951057,-0.693683
4.355,-0.968583,-0.787832
4.36,-0.982287,-0.929224
4.365,-0.992115,-1.095375
4.37,-0.998027,-1.257614
4.375,-1,-1.279179
4.38,-0.998027,-1.162967
4.385,-0.992115,-1.059364
4.39,-0.982287,-0.968733
4.395,-0.968583,-0.834034
4.4,-0.951057,-0.731762
4.405,-0.929776,-0.694796
4.41,-0.904827,-0.692645
4.415,-0.876307,-0.791542
4.42,-0.844328,-0.9743
4.425,-0.809017,-1.059177
4.43,-0.770513,-1.006767
4.435,-0.728969,-0.918816
4.44,-0.684547,-0.788601
4.445,-0.637424,-0.613088
4.45,-0.587785,-0.473621
4.455,-0.535827,-0.347155
4.46,-0.481754,-0.208748
4.465,-0.425779,-0.18881
4.47,-0.368125,-0.311996
4.475,-0.309017,-0.420005
4.48,-0.24869,-0.457464
4.485,-0.187381,-0.443415
4.49,-0.125333,-0.326768
4.495,-0.062791,-0.150304
4.5,0,-0.015577
4.505,0.062791,0.137931
4.51,0.125333,0.348095
4.515,0.187381,0.472727
4.52,0.24869,0.45942
4.525,0.309017,0.392247
4.53,0.368125,0.287992
4.535,0.425779,0.197501
4.54,0.481754,0.239656
4.545,0.535827,0.363014
4.55,0.587785,0.455309
4.555,0.637424,0.582685
4.56,0.684547,0.782763
4.565,0.728969,0.944583
4.57,0.770513,1.033071
4.575,0.809017,1.054303
4.58,0.844328,0.944125
4.585,0.876307,0.772448
4.59,0.904827,0.707653
4.595,0.929776,0.725811
4.6,0.951057,0.741389
4.605,0.968583,0.810666
4.61,0.982287,0.940545
4.615,0.992115,1.060342
4.62,0.998027,1.191932
4.625,1,1.301208
4.63,0.998027,1.246145
4.635,0.992115,1.064236
4.64,0.982287,0.915959
4.645,0.968583,0.808434
4.65,0.951057,0.723311
4.655,0.929776,0.720196
4.66,0.904827,0.75775
4.665,0.876307,0.786629
4.67,0.844328,0.889969
4.675,0.809017,1.038713
4.68,0.770513,1.06198
4.685,0.728969,0.950243
4.69,0.684547,0.793498
4.695,0.637424,0.594631
4.7,0.587785,0.412764
4.705,0.535827,0.336173
4.71,0.481754,0.289377
4.715,0.425779,0.225631
4.72,0.368125,0.258
4.725,0.309017,0.38027
4.73,0.24869,0.45543
4.735,0.187381,0.458136
4.74,0.125333,0.380816
4.745,0.062791,0.174594
4.75,0,-0.056842
4.755,-0.062791,-0.190309
4.76,-0.125333,-0.299554
4.765,-0.187381,-0.423237
4.77,-0.24869,-0.458298
4.775,-0.309017,-0.406416
4.78,-0.368125,-0.334046
4.785,-0.425779,-0.231526
4.79,-0.481754,-0.179082
4.795,-0.535827,-0.297408
4.8,-0.587785,-0.494117
4.805,-0.637424,-0.642025
4.81,-0.684547,-0.785872
4.815,-0.728969,-0.928337
4.82,-0.770513,-0.994753
4.825,-0.809017,-1.014599
4.83,-0.844328,-0.990497
4.835,-0.876307,-0.847677
4.84,-0.904827,-0.682331
4.845,-0.929776,-0.657997
4.85,-0.951057,-0.732902
4.855,-0.968583,-0.830623
4.86,-0.982287,-0.972684
4.865,-0.992115,-1.101744
4.87,-0.998027,-1.160604
4.875,-1,-1.220821
4.88,-0.998027,-1.255251
4.885,-0.992115,-1.137755
4.89,-0.982287,-0.933175
4.895,-0.968583,-0.78442
4.9,-0.951057,-0.694822
4.905,-0.929776,-0.680465
4.91,-0.904827,-0.774736
4.915,-0.876307,-0.867381
4.92,-0.844328,-0.898418
4.925,-0.809017,-0.963366
4.93,-0.770513,-1.033273
4.935,-0.728969,-0.977274
4.94,-0.684547,-0.82137
4.945,-0.637424,-0.630365
4.95,-0.587785,-0.408057
4.955,-0.535827,-0.25961
4.96,-0.481754,-0.263616
4.965,-0.425779,-0.298265
4.97,-0.368125,-0.299908
4.975,-0.309017,-0.352537
4.98,-0.24869,-0.425172
4.985,-0.187381,-0.427405
4.99,-0.125333,-0.376312
4.995,-0.062791,-0.243191
5,0,0.015577
5.005,0.062791,0.255563
5.01,0.125333,0.354985
5.015,0.187381,0.398093
5.02,0.24869,0.423216
5.025,0.309017,0.380295
5.03,0.368125,0.323912
5.035,0.425779,0.289573
5.04,0.481754,0.232708
5.045,0.535827,0.243752
5.05,0.587785,0.426369
5.055,0.637424,0.660768
5.06,0.684547,0.827208
5.065,0.728969,0.951508
5.07,0.770513,1.006969
5.075,0.809017,0.968239
5.08,0.844328,0.928593
5.085,0.876307,0.886475
5.09,0.904827,0.759727
5.095,0.929776,0.64945
5.1,0.951057,0.685195
5.105,0.968583,0.807789
5.11,0.982287,0.961363
5.115,0.992115,1.136777
5.12,0.998027,1.226285
5.125,1,1.198792
5.13,0.998027,1.172072
5.135,0.992115,1.132883
5.14,0.982287,0.985948
5.145,0.968583,0.81002
5.15,0.951057,0.703273
5.155,0.929776,0.655066
5.16,0.904827,0.709631
5.165,0.876307,0.872293
5.17,0.844328,0.98275
5.175,0.809017,0.98383
5.18,0.770513,0.97806
5.185,0.728969,0.945847
5.19,0.684547,0.816473
5.195,0.637424,0.648821
5.2,0.587785,0.468914
5.205,0.535827,0.270593
5.21,0.481754,0.182987
5.215,0.425779,0.261443
5.22,0.368125,0.353904
5.225,0.309017,0.392273
5.23,0.24869,0.427206
5.235,0.187381,0.412684
5.24,0.125333,0.322264
5.245,0.062791,0.2189
5.25,0,0.056842
5.255,-0.062791,-0.203186
5.26,-0.125333,-0.403526
5.265,-0.187381,-0.447583
5.27,-0.24869,-0.424338
5.275,-0.309017,-0.366126
5.28,-0.368125,-0.277858
5.285,-0.425779,-0.255548
5.29,-0.481754,-0.293282
5.295,-0.535827,-0.309358
5.3,-0.587785,-0.387561
5.305,-0.637424,-0.601427
5.31,-0.684547,-0.824099
5.315,-0.728969,-0.967754
5.32,-0.770513,-1.045287
5.325,-0.809017,-1.007943
5.33,-0.844328,-0.882221
5.335,-0.876307,-0.811245
5.34,-0.904827,-0.78505
5.345,-0.929776,-0.717264
5.35,-0.951057,-0.693683
5.355,-0.968583,-0.787832
5.36,-0.982287,-0.929224
5.365,-0.992115,-1.095375
5.37,-0.998027,-1.257614
5.375,-1,-1.279179
5.38,-0.998027,-1.162967
5.385,-0.992115,-1.059364
5.39,-0.982287,-0.968733
5.395,-0.968583,-0.834034
5.4,-0.951057,-0.731762
5.405,-0.929776,-0.694796
5.41,-0.904827,-0.692645
5.415,-0.876307,-0.791542
5.42,-0.844328,-0.9743
5.425,-0.809017,-1.059177
5.43,-0.770513,-1.006767
5.435,-0.728969,-0.918816
5.44,-0.684547,-0.788601
5.445,-0.637424,-0.613088
5.45,-0.587785,-0.473621
5.455,-0.535827,-0.347155
5.46,-0.481754,-0.208748
5.465,-0.425779,-0.18881
5.47,-0.368125,-0.311996
5.475,-0.309017,-0.420005
5.48,-0.24869,-0.457464
5.485,-0.187381,-0.443415
5.49,-0.125333,-0.326768
5.495,-0.062791,-0.150304
5.5,0,-0.015577
5.505,0.062791,0.137931
5.51,0.125333,0.348095
5.515,0.187381,0.472727
5.52,0.24869,0.45942
5.525,0.309017,0.392247
5.53,0.368125,0.287992
5.535,0.425779,0.197501
5.54,0.481754,0.239656
5.545,0.535827,0.363014
5.55,0.587785,0.455309
5.555,0.637424,0.582685
5.56,0.684547,0.782763
5.565,0.728969,0.944583
5.57,0.770513,1.033071
5.575,0.809017,1.054303
5.58,0.844328,0.944125
5.585,0.876307,0.772448
5.59,0.904827,0.707653
5.595,0.929776,0.725811
5.6,0.951057,0.741389
5.605,0.968583,0.810666
5.61,0.982287,0.940545
5.615,0.992115,1.060342
5.62,0.998027,1.191932
5.625,1,1.301208
5.63,0.998027,1.246145
5.635,0.992115,1.064236
5.64,0.982287,0.915959
5.645,0.968583,0.808434
5.65,0.951057,0.723311
5.655,0.929776,0.720196
5.66,0.904827,0.75775
5.665,0.876307,0.786629
5.67,0.844328,0.889969
5.675,0.809017,1.038713
5.68,0.770513,1.06198
5.685,0.728969,0.950243
5.69,0.684547,0.793498
5.695,0.637424,0.594631
5.7,0.587785,0.412764
5.705,0.535827,0.336173
5.71,0.481754,0.289377
5.715,0.425779,0.225631
5.72,0.368125,0.258
5.725,0.309017,0.38027
5.73,0.24869,0.45543
5.735,0.187381,0.458136
5.74,0.125333,0.380816
5.745,0.062791,0.174594
5.75,0,-0.056842
5.755,-0.062791,-0.190309
5.76,-0.125333,-0.299554
5.765,-0.187381,-0.423237
5.77,-0.24869,-0.458298
5.775,-0.309017,-0.406416
5.78,-0.368125,-0.334046
5.785,-0.425779,-0.231526
5.79,-0.481754,-0.179082
5.795,-0.535827,-0.297408
5.8,-0.587785,-0.494117
5.805,-0.637424,-0.642025
5.81,-0.684547,-0.785872
5.815,-0.728969,-0.928337
5.82,-0.770513,-0.994753
5.825,-0.809017,-1.014599
5.83,-0.844328,-0.990497
5.835,-0.876307,-0.847677
5.84,-0.904827,-0.682331
5.845,-0.929776,-0.657997
5.85,-0.951057,-0.732902
5.855,-0.968583,-0.830623
5.86,-0.982287,-0.972684
5.865,-0.992115,-1.101744
5.87,-0.998027,-1.160604
5.875,-1,-1.220821
5.88,-0.998027,-1.255251
5.885,-0.992115,-1.137755
5.89,-0.982287,-0.933175
5.895,-0.968583,-0.78442
5.9,-0.951057,-0.694822
5.905,-0.929776,-0.680465
5.91,-0.904827,-0.774736
5.915,-0.876307,-0.867381
5.92,-0.844328,-0.898418
5.925,-0.809017,-0.963366
5.93,-0.770513,-1.033273
5.935,-0.728969,-0.977274
5.94,-0.684547,-0.82137
5.945,-0.637424,-0.630365
5.95,-0.587785,-0.408057
5.955,-0.535827,-0.25961
5.96,-0.481754,-0.263616
5.965,-0.425779,-0.298265
5.97,-0.368125,-0.299908
5.975,-0.309017,-0.352537
5.98,-0.24869,-0.425172
5.985,-0.187381,-0.427405
5.99,-0.125333,-0.376312
5.995,-0.062791,-0.243191
6,0,0.015577
6.005,0.062791,0.255563
6.01,0.125333,0.354985
6.015,0.187381,0.398093
6.02,0.24869,0.423216
6.025,0.309017,0.380295
6.03,0.368125,0.323912
6.035,0.425779,0.289573
6.04,0.481754,0.232708
6.045,0.535827,0.243752
6.05,0.587785,0.426369
6.055,0.637424,0.660768
6.06,0.684547,0.827208
6.065,0.728969,0.951508
6.07,0.770513,1.006969
6.075,0.809017,0.968239
6.08,0.844328,0.928593
6.085,0.876307,0.886475
6.09,0.904827,0.759727
6.095,0.929776,0.64945
6.1,0.951057,0.685195
6.105,0.968583,0.807789
6.11,0.982287,0.961363
6.115,0.992115,1.136777
6.12,0.998027,1.226285
6.125,1,1.198792
6.13,0.998027,1.172072
6.135,0.992115,1.132883
6.14,0.982287,0.985948
6.145,0.968583,0.81002
6.15,0.951057,0.703273
6.155,0.929776,0.655066
6.16,0.904827,0.709631
6.165,0.876307,0.872293
6.17,0.844328,0.98275
6.175,0.809017,0.98383
6.18,0.770513,0.97806
6.185,0.728969,0.945847
6.19,0.684547,0.816473
6.195,0.637424,0.648821
6.2,0.587785,0.468914
6.205,0.535827,0.270593
6.21,0.481754,0.182987
6.215,0.425779,0.261443
6.22,0.368125,0.353904
6.225,0.309017,0.392273
6.23,0.24869,0.427206
6.235,0.187381,0.412684
6.24,0.125333,0.322264
6.245,0.062791,0.2189
6.25,0,0.056842
6.255,-0.062791,-0.203186
6.26,-0.125333,-0.403526
6.265,-0.187381,-0.447583
6.27,-0.24869,-0.424338
6.275,-0.309017,-0.366126
6.28,-0.368125,-0.277858
6.285,-0.425779,-0.255548
6.29,-0.481754,-0.293282
6.295,-0.535827,-0.309358
6.3,-0.587785,-0.387561
6.305,-0.637424,-0.601427
6.31,-0.684547,-0.824099
6.315,-0.728969,-0.967754
6.32,-0.770513,-1.045287
6.325,-0.809017,-1.007943
6.33,-0.844328,-0.882221
6.335,-0.876307,-0.811245
6.34,-0.904827,-0.78505
6.345,-0.929776,-0.717264
6.35,-0.951057,-0.693683
6.355,-0.968583,-0.787832
6.36,-0.982287,-0.929224
6.365,-0.992115,-1.095375
6.37,-0.998027,-1.257614
6.375,-1,-1.279179
6.38,-0.998027,-1.162967
6.385,-0.992115,-1.059364
6.39,-0.982287,-0.968733
6.395,-0.968583,-0.834034
6.4,-0.951057,-0.731762
6.405,-0.929776,-0.694796
6.41,-0.904827,-0.692645
6.415,-0.876307,-0.791542
6.42,-0.844328,-0.9743
6.425,-0.809017,-1.059177
6.43,-0.770513,-1.006767
6.435,-0.728969,-0.918816
6.44,-0.684547,-0.788601
6.445,-0.637424,-0.613088
6.45,-0.587785,-0.473621
6.455,-0.535827,-0.347155
6.46,-0.481754,-0.208748
6.465,-0.425779,-0.18881
6.47,-0.368125,-0.311996
6.475,-0.309017,-0.420005
6.48,-0.24869,-0.457464
6.485,-0.187381,-0.443415
6.49,-0.125333,-0.326768
6.495,-0.062791,-0.150304
6.5,0,-0.015577
6.505,0.062791,0.137931
6.51,0.125333,0.348095
6.515,0.187381,0.472727
6.52,0.24869,0.45942
6.525,0.309017,0.392247
6.53,0.368125,0.287992
6.535,0.425779,0.197501
6.54,0.481754,0.239656
6.545,0.535827,0.363014
6.55,0.587785,0.455309
6.555,0.637424,0.582685
6.56,0.684547,0.782763
6.565,0.728969,0.944583
6.57,0.770513,1.033071
6.575,0.809017,1.054303
6.58,0.844328,0.944125
6.585,0.876307,0.772448
6.59,0.904827,0.707653
6.595,0.929776,0.725811
6.6,0.951057,0.741389
6.605,0.968583,0.810666
6.61,0.982287,0.940545
6.615,0.992115,1.060342
6.62,0.998027,1.191932
6.625,1,1.301208
6.63,0.998027,1.246145
6.635,0.992115,1.064236
6.64,0.982287,0.915959
6.645,0.968583,0.808434
6.65,0.951057,0.723311
6.655,0.929776,0.720196
6.66,0.904827,0.75775
6.665,0.876307,0.786629
6.67,0.844328,0.889969
6.675,0.809017,1.038713
6.68,0.770513,1.06198
6.685,0.728969,0.950243
6.69,0.684547,0.793498
6.695,0.637424,0.594631
6.7,0.587785,0.412764
6.705,0.535827,0.336173
6.71,0.481754,0.289377
6.715,0.425779,0.225631
6.72,0.368125,0.258
6.725,0.309017,0.38027
6.73,0.24869,0.45543
6.735,0.187381,0.458136
6.74,0.125333,0.380816
6.745,0.062791,0.174594
6.75,0,-0.056842
6.755,-0.062791,-0.190309
6.76,-0.125333,-0.299554
6.765,-0.187381,-0.423237
6.77,-0.24869,-0.458298
6.775,-0.309017,-0.406416
6.78,-0.368125,-0.334046
6.785,-0.425779,-0.231526
6.79,-0.481754,-0.179082
6.795,-0.535827,-0.297408
6.8,-0.587785,-0.494117
6.805,-0.637424,-0.642025
6.81,-0.684547,-0.785872
6.815,-0.728969,-0.928337
6.82,-0.770513,-0.994753
6.825,-0.809017,-1.014599
6.83,-0.844328,-0.990497
6.835,-0.876307,-0.847677
6.84,-0.904827,-0.682331
6.845,-0.929776,-0.657997
6.85,-0.951057,-0.732902
6.855,-0.968583,-0.830623
6.86,-0.982287,-0.972684
6.865,-0.992115,-1.101744
6.87,-0.998027,-1.160604
6.875,-1,-1.220821
6.88,-0.998027,-1.255251
6.885,-0.992115,-1.137755
6.89,-0.982287,-0.933175
6.895,-0.968583,-0.78442
6.9,-0.951057,-0.694822
6.905,-0.929776,-0.680465
6.91,-0.904827,-0.774736
6.915,-0.876307,-0.867381
6.92,-0.844328,-0.898418
6.925,-0.809017,-0.963366
6.93,-0.770513,-1.033273
6.935,-0.728969,-0.977274
6.94,-0.684547,-0.82137
6.945,-0.637424,-0.630365
6.95,-0.587785,-0.408057
6.955,-0.535827,-0.25961
6.96,-0.481754,-0.263616
6.965,-0.425779,-0.298265
6.97,-0.368125,-0.299908
6.975,-0.309017,-0.352537
6.98,-0.24869,-0.425172
6.985,-0.187381,-0.427405
6.99,-0.125333,-0.376312
6.995,-0.062791,-0.243191
7,0,0.015577
7.005,0.062791,0.255563
7.01,0.125333,0.354985
7.015,0.187381,0.398093
7.02,0.24869,0.423216
7.025,0.309017,0.380295
7.03,0.368125,0.323912
7.035,0.425779,0.289573
7.04,0.481754,0.232708
7.045,0.535827,0.243752
7.05,0.587785,0.426369
7.055,0.637424,0.660768
7.06,0.684547,0.827208
7.065,0.728969,0.951508
7.07,0.770513,1.006969
7.075,0.809017,0.968239
7.08,0.844328,0.928593
7.085,0.876307,0.886475
7.09,0.904827,0.759727
7.095,0.929776,0.64945
7.1,0.951057,0.685195
7.105,0.968583,0.807789
7.11,0.982287,0.961363
7.115,0.992115,1.136777
7.12,0.998027,1.226285
7.125,1,1.198792
7.13,0.998027,1.172072
7.135,0.992115,1.132883
7.14,0.982287,0.985948
7.145,0.968583,0.81002
7.15,0.951057,0.703273
7.155,0.929776,0.655066
7.16,0.904827,0.709631
7.165,0.876307,0.872293
7.17,0.844328,0.98275
7.175,0.809017,0.98383
7.18,0.770513,0.97806
7.185,0.728969,0.945847
7.19,0.684547,0.816473
7.195,0.637424,0.648821
7.2,0.587785,0.468914
7.205,0.535827,0.270593
7.21,0.481754,0.182987
7.215,0.425779,0.261443
7.22,0.368125,0.353904
7.225,0.309017,0.392273
7.23,0.24869,0.427206
7.235,0.187381,0.412684
7.24,0.125333,0.322264
7.245,0.062791,0.2189
7.25,0,0.056842
7.255,-0.062791,-0.203186
7.26,-0.125333,-0.403526
7.265,-0.187381,-0.447583
7.27,-0.24869,-0.424338
7.275,-0.309017,-0.366126
7.28,-0.368125,-0.277858
7.285,-0.425779,-0.255548
7.29,-0.481754,-0.293282
7.295,-0.535827,-0.309358
7.3,-0.587785,-0.387561
7.305,-0.637424,-0.601427
7.31,-0.684547,-0.824099
7.315,-0.728969,-0.967754
7.32,-0.770513,-1.045287
7.325,-0.809017,-1.007943
7.33,-0.844328,-0.882221
7.335,-0.876307,-0.811245
7.34,-0.904827,-0.78505
7.345,-0.929776,-0.717264
7.35,-0.951057,-0.693683
7.355,-0.968583,-0.787832
7.36,-0.982287,-0.929224
7.365,-0.992115,-1.095375
7.37,-0.998027,-1.257614
7.375,-1,-1.279179
7.38,-0.998027,-1.162967
7.385,-0.992115,-1.059364
7.39,-0.982287,-0.968733
7.395,-0.968583,-0.834034
7.4,-0.951057,-0.731762
7.405,-0.929776,-0.694796
7.41,-0.904827,-0.692645
7.415,-0.876307,-0.791542
7.42,-0.844328,-0.9743
7.425,-0.809017,-1.059177
7.43,-0.770513,-1.006767
7.435,-0.728969,-0.918816
7.44,-0.684547,-0.788601
7.445,-0.637424,-0.613088
7.45,-0.587785,-0.473621
7.455,-0.535827,-0.347155
7.46,-0.481754,-0.208748
7.465,-0.425779,-0.18881
7.47,-0.368125,-0.311996
7.475,-0.309017,-0.420005
7.48,-0.24869,-0.457464
7.485,-0.187381,-0.443415
7.49,-0.125333,-0.326768
7.495,-0.062791,-0.150304
7.5,0,-0.015577
7.505,0.062791,0.137931
7.51,0.125333,0.348095
7.515,0.187381,0.472727
7.52,0.24869,0.45942
7.525,0.309017,0.392247
7.53,0.368125,0.287992
7.535,0.425779,0.197501
7.54,0.481754,0.239656
7.545,0.535827,0.363014
7.55,0.587785,0.455309
7.555,0.637424,0.582685
7.56,0.684547,0.782763
7.565,0.728969,0.944583
7.57,0.770513,1.033071
7.575,0.809017,1.054303
7.58,0.844328,0.944125
7.585,0.876307,0.772448
7.59,0.904827,0.707653
7.595,0.929776,0.725811
7.6,0.951057,0.741389
7.605,0.968583,0.810666
7.61,0.982287,0.940545
7.615,0.992115,1.060342
7.62,0.998027,1.191932
7.625,1,1.301208
7.63,0.998027,1.246145
7.635,0.992115,1.064236
7.64,0.982287,0.915959
7.645,0.968583,0.808434
7.65,0.951057,0.723311
7.655,0.929776,0.720196
7.66,0.904827,0.75775
7.665,0.876307,0.786629
7.67,0.844328,0.889969
7.675,0.809017,1.038713
7.68,0.770513,1.06198
7.685,0.728969,0.950243
7.69,0.684547,0.793498
7.695,0.637424,0.594631
7.7,0.587785,0.412764
7.705,0.535827,0.336173
7.71,0.481754,0.289377
7.715,0.425779,0.225631
7.72,0.368125,0.258
7.725,0.309017,0.38027
7.73,0.24869,0.45543
7.735,0.187381,0.458136
7.74,0.125333,0.380816
7.745,0.062791,0.174594
7.75,0,-0.056842
7.755,-0.062791,-0.190309
7.76,-0.125333,-0.299554
7.765,-0.187381,-0.423237
7.77,-0.24869,-0.458298
7.775,-0.309017,-0.406416
7.78,-0.368125,-0.334046
7.785,-0.425779,-0.231526
7.79,-0.481754,-0.179082
7.795,-0.535827,-0.297408
7.8,-0.587785,-0.494117
7.805,-0.637424,-0.642025
7.81,-0.684547,-0.785872
7.815,-0.728969,-0.928337
7.82,-0.770513,-0.994753
7.825,-0.809017,-1.014599
7.83,-0.844328,-0.990497
7.835,-0.876307,-0.847677
7.84,-0.904827,-0.682331
7.845,-0.929776,-0.657997
7.85,-0.951057,-0.732902
7.855,-0.968583,-0.830623
7.86,-0.982287,-0.972684
7.865,-0.992115,-1.101744
7.87,-0.998027,-1.160604
7.875,-1,-1.220821
7.88,-0.998027,-1.255251
7.885,-0.992115,-1.137755
7.89,-0.982287,-0.933175
7.895,-0.968583,-0.78442
7.9,-0.951057,-0.694822
7.905,-0.929776,-0.680465
7.91,-0.904827,-0.774736
7.915,-0.876307,-0.867381
7.92,-0.844328,-0.898418
7.925,-0.809017,-0.963366
7.93,-0.770513,-1.033273
7.935,-0.728969,-0.977274
7.94,-0.684547,-0.82137
7.945,-0.637424,-0.630365
7.95,-0.587785,-0.408057
7.955,-0.535827,-0.25961
7.96,-0.481754,-0.263616
7.965,-0.425779,-0.298265
7.97,-0.368125,-0.299908
7.975,-0.309017,-0.352537
7.98,-0.24869,-0.425172
7.985,-0.187381,-0.427405
7.99,-0.125333,-0.376312
7.995,-0.062791,-0.243191
8,0,
8.005,0.062791,
8.01,0.125333,
8.015,0.187381,
8.02,0.24869,
8.025,0.309017,
8.03,0.368125,
8.035,0.425779,
8.04,0.481754,
8.045,0.535827,
8.05,0.587785,
8.055,0.637424,
8.06,0.684547,
8.065,0.728969,
8.07,0.770513,
8.075,0.809017,
8.08,0.844328,
8.085,0.876307,
8.09,0.904827,
8.095,0.929776,
8.1,0.951057,
8.105,0.968583,
8.11,0.982287,
8.115,0.992115,
8.12,0.998027,
8.125,1,
8.13,0.998027,
8.135,0.992115,
8.14,0.982287,
8.145,0.968583,
8.15,0.951057,
8.155,0.929776,
8.16,0.904827,
8.165,0.876307,
8.17,0.844328,
8.175,0.809017,
8.18,0.770513,
8.185,0.728969,
8.19,0.684547,
8.195,0.637424,
8.2,0.587785,
8.205,0.535827,
8.21,0.481754,
8.215,0.425779,
8.22,0.368125,
8.225,0.309017,
8.23,0.24869,
8.235,0.187381,
8.24,0.125333,
8.245,0.062791,
8.25,0,
8.255,-0.062791,
8.26,-0.125333,
8.265,-0.187381,
8.27,-0.24869,
8.275,-0.309017,
8.28,-0.368125,
8.285,-0.425779,
8.29,-0.481754,
8.295,-0.535827,
8.3,-0.587785,
8.305,-0.637424,
8.31,-0.684547,
8.315,-0.728969,
8.32,-0.770513,
8.325,-0.809017,
8.33,-0.844328,
8.335,-0.876307,
8.34,-0.904827,
8.345,-0.929776,
8.35,-0.951057,
8.355,-0.968583,
8.36,-0.982287,
8.365,-0.992115,
8.37,-0.998027,
8.375,-1,
8.38,-0.998027,
8.385,-0.992115,
8.39,-0.982287,
8.395,-0.968583,
8.4,-0.951057,
8.405,-0.929776,
8.41,-0.904827,
8.415,-0.876307,
8.42,-0.844328,
8.425,-0.809017,
8.43,-0.770513,
8.435,-0.728969,
8.44,-0.684547,
8.445,-0.637424,
8.45,-0.587785,
8.455,-0.535827,
8.46,-0.481754,
8.465,-0.425779,
8.47,-0.368125,
8.475,-0.309017,
8.48,-0.24869,
8.485,-0.187381,
8.49,-0.125333,
8.495,-0.062791,
8.5,0,-0.015577
8.505,0.062791,0.137931
8.51,0.125333,0.348095
8.515,0.187381,0.472727
8.52,0.24869,0.45942
8.525,0.309017,0.392247
8.53,0.368125,0.287992
8.535,0.425779,0.197501
8.54,0.481754,0.239656
8.545,0.535827,0.363014
8.55,0.587785,0.455309
8.555,0.637424,0.582685
8.56,0.684547,0.782763
8.565,0.728969,0.944583
8.57,0.770513,1.033071
8.575,0.809017,1.054303
8.58,0.844328,0.944125
8.585,0.876307,0.772448
8.59,0.904827,0.707653
8.595,0.929776,0.725811
8.6,0.951057,0.741389
8.605,0.968583,0.810666
8.61,0.982287,0.940545
8.615,0.992115,1.060342
8.62,0.998027,1.191932
8.625,1,1.301208
8.63,0.998027,1.246145
8.635,0.992115,1.064236
8.64,0.982287,0.915959
8.645,0.968583,0.808434
8.65,0.951057,0.723311
8.655,0.929776,0.720196
8.66,0.904827,0.75775
8.665,0.876307,0.786629
8.67,0.844328,0.889969
8.675,0.809017,1.038713
8.68,0.770513,1.06198
8.685,0.728969,0.950243
8.69,0.684547,0.793498
8.695,0.637424,0.594631
8.7,0.587785,0.412764
8.705,0.535827,0.336173
8.71,0.481754,0.289377
8.715,0.425779,0.225631
8.72,0.368125,0.258
8.725,0.309017,0.38027
8.73,0.24869,0.45543
8.735,0.187381,0.458136
8.74,0.125333,0.380816
8.745,0.062791,0.174594
8.75,0,-0.056842
8.755,-0.062791,-0.190309
8.76,-0.125333,-0.299554
8.765,-0.187381,-0.423237
8.77,-0.24869,-0.458298
8.775,-0.309017,-0.406416
8.78,-0.368125,-0.334046
8.785,-0.425779,-0.231526
8.79,-0.481754,-0.179082
8.795,-0.535827,-0.297408
8.8,-0.587785,-0.494117
8.805,-0.637424,-0.642025
8.81,-0.684547,-0.785872
8.815,-0.728969,-0.928337
8.82,-0.770513,-0.994753
8.825,-0.809017,-1.014599
8.83,-0.844328,-0.990497
8.835,-0.876307,-0.847677
8.84,-0.904827,-0.682331
8.845,-0.929776,-0.657997
8.85,-0.951057,-0.732902
8.855,-0.968583,-0.830623
8.86,-0.982287,-0.972684
8.865,-0.992115,-1.101744
8.87,-0.998027,-1.160604
8.875,-1,-1.220821
8.88,-0.998027,-1.255251
8.885,-0.992115,-1.137755
8.89,-0.982287,-0.933175
8.895,-0.968583,-0.78442
8.9,-0.951057,-0.694822
8.905,-0.929776,-0.680465
8.91,-0.904827,-0.774736
8.915,-0.876307,-0.867381
8.92,-0.844328,-0.898418
8.925,-0.809017,-0.963366
8.93,-0.770513,-1.033273
8.935,-0.728969,-0.977274
8.94,-0.684547,-0.82137
8.945,-0.637424,-0.630365
8.95,-0.587785,-0.408057
8.955,-0.535827,-0.25961
8.96,-0.481754,-0.263616
8.965,-0.425779,-0.298265
8.97,-0.368125,-0.299908
8.975,-0.309017,-0.352537
8.98,-0.24869,-0.425172
8.985,-0.187381,-0.427405
8.99,-0.125333,-0.376312
8.995,-0.062791,-0.243191
9,0,0.015577
9.005,0.062791,0.255563
9.01,0.125333,0.354985
9.015,0.187381,0.398093
9.02,0.24869,0.423216
9.025,0.309017,0.380295
9.03,0.368125,0.323912
9.035,0.425779,0.289573
9.04,0.481754,0.232708
9.045,0.535827,0.243752
9.05,0.587785,0.426369
9.055,0.637424,0.660768
9.06,0.684547,0.827208
9.065,0.728969,0.951508
9.07,0.770513,1.006969
9.075,0.809017,0.968239
9.08,0.844328,0.928593
9.085,0.876307,0.886475
9.09,0.904827,0.759727
9.095,0.929776,0.64945
9.1,0.951057,0.685195
9.105,0.968583,0.807789
9.11,0.982287,0.961363
9.115,0.992115,1.136777
9.12,0.998027,1.226285
9.125,1,1.198792
9.13,0.998027,1.172072
9.135,0.992115,1.132883
9.14,0.982287,0.985948
9.145,0.968583,0.81002
9.15,0.951057,0.703273
9.155,0.929776,0.655066
9.16,0.904827,0.709631
9.165,0.876307,0.872293
9.17,0.844328,0.98275
9.175,0.809017,0.98383
9.18,0.770513,0.97806
9.185,0.728969,0.945847
9.19,0.684547,0.816473
9.195,0.637424,0.648821
9.2,0.587785,0.468914
9.205,0.535827,0.270593
9.21,0.481754,0.182987
9.215,0.425779,0.261443
9.22,0.368125,0.353904
9.225,0.309017,0.392273
9.23,0.24869,0.427206
9.235,0.187381,0.412684
9.24,0.125333,0.322264
9.245,0.062791,0.2189
9.25,0,0.056842
9.255,-0.062791,-0.203186
9.26,-0.125333,-0.403526
9.265,-0.187381,-0.447583
9.27,-0.24869,-0.424338
9.275,-0.309017,-0.366126
9.28,-0.368125,-0.277858
9.285,-0.425779,-0.255548
9.29,-0.481754,-0.293282
9.295,-0.535827,-0.309358
9.3,-0.587785,-0.387561
9.305,-0.637424,-0.601427
9.31,-0.684547,-0.824099
9.315,-0.728969,-0.967754
9.32,-0.770513,-1.045287
9.325,-0.809017,-1.007943
9.33,-0.844328,-0.882221
9.335,-0.876307,-0.811245
9.34,-0.904827,-0.78505
9.345,-0.929776,-0.717264
9.35,-0.951057,-0.693683
9.355,-0.968583,-0.787832
9.36,-0.982287,-0.929224
9.365,-0.992115,-1.095375
9.37,-0.998027,-1.257614
9.375,-1,-1.279179
9.38,-0.998027,-1.162967
9.385,-0.992115,-1.059364
9.39,-0.982287,-0.968733
9.395,-0.968583,-0.834034
9.4,-0.951057,-0.731762
9.405,-0.929776,-0.694796
9.41,-0.904827,-0.692645
9.415,-0.876307,-0.791542
9.42,-0.844328,-0.9743
9.425,-0.809017,-1.059177
9.43,-0.770513,-1.006767
9.435,-0.728969,-0.918816
9.44,-0.684547,-0.788601
9.445,-0.637424,-0.613088
9.45,-0.587785,-0.473621
9.455,-0.535827,-0.347155
9.46,-0.481754,-0.208748
9.465,-0.425779,-0.18881
9.47,-0.368125,-0.311996
9.475,-0.309017,-0.420005
9.48,-0.24869,-0.457464
9.485,-0.187381,-0.443415
9.49,-0.125333,-0.326768
9.495,-0.062791,-0.150304
9.5,0,-0.015577
9.505,0.062791,0.137931
9.51,0.125333,0.348095
9.515,0.187381,0.472727
9.52,0.24869,0.45942
9.525,0.309017,0.392247
9.53,0.368125,0.287992
9.535,0.425779,0.197501
9.54,0.481754,0.239656
9.545,0.535827,0.363014
9.55,0.587785,0.455309
9.555,0.637424,0.582685
9.56,0.684547,0.782763
9.565,0.728969,0.944583
9.57,0.770513,1.033071
9.575,0.809017,1.054303
9.58,0.844328,0.944125
9.585,0.876307,0.772448
9.59,0.904827,0.707653
9.595,0.929776,0.725811
9.6,0.951057,0.741389
9.605,0.968583,0.810666
9.61,0.982287,0.940545
9.615,0.992115,1.060342
9.62,0.998027,1.191932
9.625,1,1.301208
9.63,0.998027,1.246145
9.635,0.992115,1.064236
9.64,0.982287,0.915959
9.645,0.968583,0.808434
9.65,0.951057,0.723311
9.655,0.929776,0.720196
9.66,0.904827,0.75775
9.665,0.876307,0.786629
9.67,0.844328,0.889969
9.675,0.809017,1.038713
9.68,0.770513,1.06198
9.685,0.728969,0.950243
9.69,0.684547,0.793498
9.695,0.637424,0.594631
9.7,0.587785,0.412764
9.705,0.535827,0.336173
9.71,0.481754,0.289377
9.715,0.425779,0.225631
9.72,0.368125,0.258
9.725,0.309017,0.38027
9.73,0.24869,0.45543
9.735,0.187381,0.458136
9.74,0.125333,0.380816
9.745,0.062791,0.174594
9.75,0,-0.056842
9.755,-0.062791,-0.190309
9.76,-0.125333,-0.299554
9.765,-0.187381,-0.423237
9.77,-0.24869,-0.458298
9.775,-0.309017,-0.406416
9.78,-0.368125,-0.334046
9.785,-0.425779,-0.231526
9.79,-0.481754,-0.179082
9.795,-0.535827,-0.297408
9.8,-0.587785,-0.494117
9.805,-0.637424,-0.642025
9.81,-0.684547,-0.785872
9.815,-0.728969,-0.928337
9.82,-0.770513,-0.994753
9.825,-0.809017,-1.014599
9.83,-0.844328,-0.990497
9.835,-0.876307,-0.847677
9.84,-0.904827,-0.682331
9.845,-0.929776,-0.657997
9.85,-0.951057,-0.732902
9.855,-0.968583,-0.830623
9.86,-0.982287,-0.972684
9.865,-0.992115,-1.101744
9.87,-0.998027,-1.160604
9.875,-1,-1.220821
9.88,-0.998027,-1.255251
9.885,-0.992115,-1.137755
9.89,-0.982287,-0.933175
9.895,-0.968583,-0.78442
9.9,-0.951057,-0.694822
9.905,-0.929776,-0.680465
9.91,-0.904827,-0.774736
9.915,-0.876307,-0.867381
9.92,-0.844328,-0.898418
9.925,-0.809017,-0.963366
9.93,-0.770513,-1.033273
9.935,-0.728969,-0.977274
9.94,-0.684547,-0.82137
9.945,-0.637424,-0.630365
9.95,-0.587785,-0.408057
9.955,-0.535827,-0.25961
9.96,-0.481754,-0.263616
9.965,-0.425779,-0.298265
9.97,-0.368125,-0.299908
9.975,-0.309017,-0.352537
9.98,-0.24869,-0.425172
9.985,-0.187381,-0.427405
9.99,-0.125333,-0.376312
9.995,-0.062791,-0.243191
10,0,0.015577
10.005,0.062791,0.255563
10.01,0.125333,0.354985
10.015,0.187381,0.398093
10.02,0.24869,0.423216
10.025,0.309017,0.380295
10.03,0.368125,0.323912
10.035,0.425779,0.289573
10.04,0.481754,0.232708
10.045,0.535827,0.243752
10.05,0.587785,0.426369
10.055,0.637424,0.660768
10.06,0.684547,0.827208
10.065,0.728969,0.951508
10.07,0.770513,1.006969
10.075,0.809017,0.968239
10.08,0.844328,0.928593
10.085,0.876307,0.886475
10.09,0.904827,0.759727
10.095,0.929776,0.64945
10.1,0.951057,0.685195
10.105,0.968583,0.807789
10.11,0.982287,0.961363
10.115,0.992115,1.136777
10.12,0.998027,1.226285
10.125,1,1.198792
10.13,0.998027,1.172072
10.135,0.992115,1.132883
10.14,0.982287,0.985948
10.145,0.968583,0.81002
10.15,0.951057,0.703273
10.155,0.929776,0.655066
10.16,0.904827,0.709631
10.165,0.876307,0.872293
10.17,0.844328,0.98275
10.175,0.809017,0.98383
10.18,0.770513,0.97806
10.185,0.728969,0.945847
10.19,0.684547,0.816473
10.195,0.637424,0.648821
10.2,0.587785,0.468914
10.205,0.535827,0.270593
10.21,0.481754,0.182987
10.215,0.425779,0.261443
10.22,0.368125,0.353904
10.225,0.309017,0.392273
10.23,0.24869,0.427206
10.235,0.187381,0.412684
10.24,0.125333,0.322264
10.245,0.062791,0.2189
10.25,0,0.056842
10.255,-0.062791,-0.203186
10.26,-0.125333,-0.403526
10.265,-0.187381,-0.447583
10.27,-0.24869,-0.424338
10.275,-0.309017,-0.366126
10.28,-0.368125,-0.277858
10.285,-0.425779,-0.255548
10.29,-0.481754,-0.293282
10.295,-0.535827,-0.309358
10.3,-0.587785,-0.387561
10.305,-0.637424,-0.601427
10.31,-0.684547,-0.824099
10.315,-0.728969,-0.967754
10.32,-0.770513,-1.045287
10.325,-0.809017,-1.007943
10.33,-0.844328,-0.882221
10.335,-0.876307,-0.811245
10.34,-0.904827,-0.78505
10.345,-0.929776,-0.717264
10.35,-0.951057,-0.693683
10.355,-0.968583,-0.787832
10.36,-0.982287,-0.929224
10.365,-0.992115,-1.095375
10.37,-0.998027,-1.257614
10.375,-1,-1.279179
10.38,-0.998027,-1.162967
10.385,-0.992115,-1.059364
10.39,-0.982287,-0.968733
10.395,-0.968583,-0.834034
10.4,-0.951057,-0.731762
10.405,-0.929776,-0.694796
10.41,-0.904827,-0.692645
10.415,-0.876307,-0.791542
10.42,-0.844328,-0.9743
10.425,-0.809017,-1.059177
10.43,-0.770513,-1.006767
10.435,-0.728969,-0.918816
10.44,-0.684547,-0.788601
10.445,-0.637424,-0.613088
10.45,-0.587785,-0.473621
10.455,-0.535827,-0.347155
10.46,-0.481754,-0.208748
10.465,-0.425779,-0.18881
10.47,-0.368125,-0.311996
10.475,-0.309017,-0.420005
10.48,-0.24869,-0.457464
10.485,-0.187381,-0.443415
10.49,-0.125333,-0.326768
10.495,-0.062791,-0.150304
10.5,0,-0.015577
10.505,0.062791,0.137931
10.51,0.125333,0.348095
10.515,0.187381,0.472727
10.52,0.24869,0.45942
10.525,0.309017,0.392247
10.53,0.368125,0.287992
10.535,0.425779,0.197501
10.54,0.481754,0.239656
10.545,0.535827,0.363014
10.55,0.587785,0.455309
10.555,0.637424,0.582685
10.56,0.684547,0.782763
10.565,0.728969,0.944583
10.57,0.770513,1.033071
10.575,0.809017,1.054303
10.58,0.844328,0.944125
10.585,0.876307,0.772448
10.59,0.904827,0.707653
10.595,0.929776,0.725811
10.6,0.951057,0.741389
10.605,0.968583,0.810666
10.61,0.982287,0.940545
10.615,0.992115,1.060342
10.62,0.998027,1.191932
10.625,1,1.301208
10.63,0.998027,1.246145
10.635,0.992115,1.064236
10.64,0.982287,0.915959
10.645,0.968583,0.808434
10.65,0.951057,0.723311
10.655,0.929776,0.720196
10.66,0.904827,0.75775
10.665,0.876307,0.786629
10.67,0.844328,0.889969
10.675,0.809017,1.038713
10.68,0.770513,1.06198
10.685,0.728969,0.950243
10.69,0.684547,0.793498
10.695,0.637424,0.594631
10.7,0.587785,0.412764
10.705,0.535827,0.336173
10.71,0.481754,0.289377
10.715,0.425779,0.225631
10.72,0.368125,0.258
10.725,0.309017,0.38027
10.73,0.24869,0.45543
10.735,0.187381,0.458136
10.74,0.125333,0.380816
10.745,0.062791,0.174594
10.75,0,-0.056842
10.755,-0.062791,-0.190309
10.76,-0.125333,-0.299554
10.765,-0.187381,-0.423237
10.77,-0.24869,-0.458298
10.775,-0.309017,-0.406416
10.78,-0.368125,-0.334046
10.785,-0.425779,-0.231526
10.79,-0.481754,-0.179082
10.795,-0.535827,-0.297408
10.8,-0.587785,-0.494117
10.805,-0.637424,-0.642025
10.81,-0.684547,-0.785872
10.815,-0.728969,-0.928337
10.82,-0.770513,-0.994753
10.825,-0.809017,-1.014599
10.83,-0.844328,-0.990497
10.835,-0.876307,-0.847677
10.84,-0.904827,-0.682331
10.845,-0.929776,-0.657997
10.85,-0.951057,-0.732902
10.855,-0.968583,-0.830623
10.86,-0.982287,-0.972684
10.865,-0.992115,-1.101744
10.87,-0.998027,-1.160604
10.875,-1,-1.220821
10.88,-0.998027,-1.255251
10.885,-0.992115,-1.137755
10.89,-0.982287,-0.933175
10.895,-0.968583,-0.78442
10.9,-0.951057,-0.694822
10.905,-0.929776,-0.680465
10.91,-0.904827,-0.774736
10.915,-0.876307,-0.867381
10.92,-0.844328,-0.898418
10.925,-0.809017,-0.963366
10.93,-0.770513,-1.033273
10.935,-0.728969,-0.977274
10.94,-0.684547,-0.82137
10.945,-0.637424,-0.630365
10.95,-0.587785,-0.408057
10.955,-0.535827,-0.25961
10.96,-0.481754,-0.263616
10.965,-0.425779,-0.298265
10.97,-0.368125,-0.299908
10.975,-0.309017,-0.352537
10.98,-0.24869,-0.425172
10.985,-0.187381,-0.427405
10.99,-0.125333,-0.376312
10.995,-0.062791,-0.243191
11,0,0.015577
11.005,0.062791,0.255563
11.01,0.125333,0.354985
11.015,0.187381,0.398093
11.02,0.24869,0.423216
11.025,0.309017,0.380295
11.03,0.368125,0.323912
11.035,0.425779,0.289573
11.04,0.481754,0.232708
11.045,0.535827,0.243752
11.05,0.587785,0.426369
11.055,0.637424,0.660768
11.06,0.684547,0.827208
11.065,0.728969,0.951508
11.07,0.770513,1.006969
11.075,0.809017,0.968239
11.08,0.844328,0.928593
11.085,0.876307,0.886475
11.09,0.904827,0.759727
11.095,0.929776,0.64945
11.1,0.951057,0.685195
11.105,0.968583,0.807789
11.11,0.982287,0.961363
11.115,0.992115,1.136777
11.12,0.998027,1.226285
11.125,1,1.198792
11.13,0.998027,1.172072
11.135,0.992115,1.132883
11.14,0.982287,0.985948
11.145,0.968583,0.81002
11.15,0.951057,0.703273
11.155,0.929776,0.655066
11.16,0.904827,0.709631
11.165,0.876307,0.872293
11.17,0.844328,0.98275
11.175,0.809017,0.98383
11.18,0.770513,0.97806
11.185,0.728969,0.945847
11.19,0.684547,0.816473
11.195,0.637424,0.648821
11.2,0.587785,0.468914
11.205,0.535827,0.270593
11.21,0.481754,0.182987
11.215,0.425779,0.261443
11.22,0.368125,0.353904
11.225,0.309017,0.392273
11.23,0.24869,0.427206
11.235,0.187381,0.412684
11.24,0.125333,0.322264
11.245,0.062791,0.2189
11.25,0,0.056842
11.255,-0.062791,-0.203186
11.26,-0.125333,-0.403526
11.265,-0.187381,-0.447583
11.27,-0.24869,-0.424338
11.275,-0.309017,-0.366126
11.28,-0.368125,-0.277858
11.285,-0.425779,-0.255548
11.29,-0.481754,-0.293282
11.295,-0.535827,-0.309358
11.3,-0.587785,-0.387561
11.305,-0.637424,-0.601427
11.31,-0.684547,-0.824099
11.315,-0.728969,-0.967754
11.32,-0.770513,-1.045287
11.325,-0.809017,-1.007943
11.33,-0.844328,-0.882221
11.335,-0.876307,-0.811245
11.34,-0.904827,-0.78505
11.345,-0.929776,-0.717264
11.35,-0.951057,-0.693683
11.355,-0.968583,-0.787832
11.36,-0.982287,-0.929224
11.365,-0.992115,-1.095375
11.37,-0.998027,-1.257614
11.375,-1,-1.279179
11.38,-0.998027,-1.162967
11.385,-0.992115,-1.059364
11.39,-0.982287,-0.968733
11.395,-0.968583,-0.834034
11.4,-0.951057,-0.731762
11.405,-0.929776,-0.694796
11.41,-0.904827,-0.692645
11.415,-0.876307,-0.791542
11.42,-0.844328,-0.9743
11.425,-0.809017,-1.059177
11.43,-0.770513,-1.006767
11.435,-0.728969,-0.918816
11.44,-0.684547,-0.788601
11.445,-0.637424,-0.613088
11.45,-0.587785,-0.473621
11.455,-0.535827,-0.347155
11.46,-0.481754,-0.208748
11.465,-0.425779,-0.18881
11.47,-0.368125,-0.311996
11.475,-0.309017,-0.420005
11.48,-0.24869,-0.457464
11.485,-0.187381,-0.443415
11.49,-0.125333,-0.326768
11.495,-0.062791,-0.150304
11.5,0,-0.015577
11.505,0.062791,0.137931
11.51,0.125333,0.348095
11.515,0.187381,0.472727
11.52,0.24869,0.45942
11.525,0.309017,0.392247
11.53,0.368125,0.287992
11.535,0.425779,0.197501
11.54,0.481754,0.239656
11.545,0.535827,0.363014
11.55,0.587785,0.455309
11.555,0.637424,0.582685
11.56,0.684547,0.782763
11.565,0.728969,0.944583
11.57,0.770513,1.033071
11.575,0.809017,1.054303
11.58,0.844328,0.944125
11.585,0.876307,0.772448
11.59,0.904827,0.707653
11.595,0.929776,0.725811
11.6,0.951057,0.741389
11.605,0.968583,0.810666
11.61,0.982287,0.940545
11.615,0.992115,1.060342
11.62,0.998027,1.191932
11.625,1,1.301208
11.63,0.998027,1.246145
11.635,0.992115,1.064236
11.64,0.982287,0.915959
11.645,0.968583,0.808434
11.65,0.951057,0.723311
11.655,0.929776,0.720196
11.66,0.904827,0.75775
11.665,0.876307,0.786629
11.67,0.844328,0.889969
11.675,0.809017,1.038713
11.68,0.770513,1.06198
11.685,0.728969,0.950243
11.69,0.684547,0.793498
11.695,0.637424,0.594631
11.7,0.587785,0.412764
11.705,0.535827,0.336173
11.71,0.481754,0.289377
11.715,0.425779,0.225631
11.72,0.368125,0.258
11.725,0.309017,0.38027
11.73,0.24869,0.45543
11.735,0.187381,0.458136
11.74,0.125333,0.380816
11.745,0.062791,0.174594
11.75,0,-0.056842
11.755,-0.062791,-0.190309
11.76,-0.125333,-0.299554
11.765,-0.187381,-0.423237
11.77,-0.24869,-0.458298
11.775,-0.309017,-0.406416
11.78,-0.368125,-0.334046
11.785,-0.425779,-0.231526
11.79,-0.481754,-0.179082
11.795,-0.535827,-0.297408
11.8,-0.587785,-0.494117
11.805,-0.637424,-0.642025
11.81,-0.684547,-0.785872
11.815,-0.728969,-0.928337
11.82,-0.770513,-0.994753
11.825,-0.809017,-1.014599
11.83,-0.844328,-0.990497
11.835,-0.876307,-0.847677
11.84,-0.904827,-0.682331
11.845,-0.929776,-0.657997
11.85,-0.951057,-0.732902
11.855,-0.968583,-0.830623
11.86,-0.982287,-0.972684
11.865,-0.992115,-1.101744
11.87,-0.998027,-1.160604
11.875,-1,-1.220821
11.88,-0.998027,-1.255251
11.885,-0.992115,-1.137755
11.89,-0.982287,-0.933175
11.895,-0.968583,-0.78442
11.9,-0.951057,-0.694822
11.905,-0.929776,-0.680465
11.91,-0.904827,-0.774736
11.915,-0.876307,-0.867381
11.92,-0.844328,-0.898418
11.925,-0.809017,-0.963366
11.93,-0.770513,-1.033273
11.935,-0.728969,-0.977274
11.94,-0.684547,-0.82137
11.945,-0.637424,-0.630365
11.95,-0.587785,-0.408057
11.955,-0.535827,-0.25961
11.96,-0.481754,-0.263616
11.965,-0.425779,-0.298265
11.97,-0.368125,-0.299908
11.975,-0.309017,-0.352537
11.98,-0.24869,-0.425172
11.985,-0.187381,-0.427405
11.99,-0.125333,-0.376312
11.995,-0.062791,-0.243191
12,0,3.015577
12.005,0.062791,0.255563
12.01,0.125333,0.354985
12.015,0.187381,0.398093
12.02,0.24869,0.423216
12.025,0.309017,0.380295
12.03,0.368125,0.323912
12.035,0.425779,0.289573
12.04,0.481754,0.232708
12.045,0.535827,0.243752
12.05,0.587785,0.426369
12.055,0.637424,0.660768
12.06,0.684547,0.827208
12.065,0.728969,0.951508
12.07,0.770513,1.006969
12.075,0.809017,0.968239
12.08,0.844328,0.928593
12.085,0.876307,0.886475
12.09,0.904827,0.759727
12.095,0.929776,0.64945
12.1,0.951057,0.685195
12.105,0.968583,0.807789
12.11,0.982287,0.961363
12.115,0.992115,1.136777
12.12,0.998027,1.226285
12.125,1,1.198792
12.13,0.998027,1.172072
12.135,0.992115,1.132883
12.14,0.982287,0.985948
12.145,0.968583,0.81002
12.15,0.951057,0.703273
12.155,0.929776,0.655066
12.16,0.904827,0.709631
12.165,0.876307,0.872293
12.17,0.844328,0.98275
12.175,0.809017,0.98383
12.18,0.770513,0.97806
12.185,0.728969,0.945847
12.19,0.684547,0.816473
12.195,0.637424,0.648821
12.2,0.587785,0.468914
12.205,0.535827,0.270593
12.21,0.481754,0.182987
12.215,0.425779,0.261443
12.22,0.368125,0.353904
12.225,0.309017,0.392273
12.23,0.24869,0.427206
12.235,0.187381,0.412684
12.24,0.125333,0.322264
12.245,0.062791,0.2189
12.25,0,0.056842
12.255,-0.062791,-0.203186
12.26,-0.125333,-0.403526
12.265,-0.187381,-0.447583
12.27,-0.24869,-0.424338
12.275,-0.309017,-0.366126
12.28,-0.368125,-0.277858
12.285,-0.425779,-0.255548
12.29,-0.481754,-0.293282
12.295,-0.535827,-0.309358
12.3,-0.587785,-0.387561
12.305,-0.637424,-0.601427
12.31,-0.684547,-0.824099
12.315,-0.728969,-0.967754
12.32,-0.770513,-1.045287
12.325,-0.809017,-1.007943
12.33,-0.844328,-0.882221
12.335,-0.876307,-0.811245
12.34,-0.904827,-0.78505
12.345,-0.929776,-0.717264
12.35,-0.951057,-0.693683
12.355,-0.968583,-0.787832
12.36,-0.982287,-0.929224
12.365,-0.992115,-1.095375
12.37,-0.998027,-1.257614
12.375,-1,-1.279179
12.38,-0.998027,-1.162967
12.385,-0.992115,-1.059364
12.39,-0.982287,-0.968733
12.395,-0.968583,-0.834034
12.4,-0.951057,-0.731762
12.405,-0.929776,-0.694796
12.41,-0.904827,-0.692645
12.415,-0.876307,-0.791542
12.42,-0.844328,-0.9743
12.425,-0.809017,-1.059177
12.43,-0.770513,-1.006767
12.435,-0.728969,-0.918816
12.44,-0.684547,-0.788601
12.445,-0.637424,-0.613088
12.45,-0.587785,-0.473621
12.455,-0.535827,-0.347155
12.46,-0.481754,-0.208748
12.465,-0.425779,-0.18881
12.47,-0.368125,-0.311996
12.475,-0.309017,-0.420005
12.48,-0.24869,-0.457464
12.485,-0.187381,-0.443415
12.49,-0.125333,-0.326768
12.495,-0.062791,-0.150304
12.5,0,-0.015577
12.505,0.062791,0.137931
12.51,0.125333,0.348095
12.515,0.187381,0.472727
12.52,0.24869,0.45942
12.525,0.309017,0.392247
12.53,0.368125,0.287992
12.535,0.425779,0.197501
12.54,0.481754,0.239656
12.545,0.535827,0.363014
12.55,0.587785,0.455309
12.555,0.637424,0.582685
12.56,0.684547,0.782763
12.565,0.728969,0.944583
12.57,0.770513,1.033071
12.575,0.809017,1.054303
12.58,0.844328,0.944125
12.585,0.876307,0.772448
12.59,0.904827,0.707653
12.595,0.929776,0.725811
12.6,0.951057,0.741389
12.605,0.968583,0.810666
12.61,0.982287,0.940545
12.615,0.992115,1.060342
12.62,0.998027,1.191932
12.625,1,1.301208
12.63,0.998027,1.246145
12.635,0.992115,1.064236
12.64,0.982287,0.915959
12.645,0.968583,0.808434
12.65,0.951057,0.723311
12.655,0.929776,0.720196
12.66,0.904827,0.75775
12.665,0.876307,0.786629
12.67,0.844328,0.889969
12.675,0.809017,1.038713
12.68,0.770513,1.06198
12.685,0.728969,0.950243
12.69,0.684547,0.793498
12.695,0.637424,0.594631
12.7,0.587785,0.412764
12.705,0.535827,0.336173
12.71,0.481754,0.289377
12.715,0.425779,0.225631
12.72,0.368125,0.258
12.725,0.309017,0.38027
12.73,0.24869,0.45543
12.735,0.187381,0.458136
12.74,0.125333,0.380816
12.745,0.062791,0.174594
12.75,0,-0.056842
12.755,-0.062791,-0.190309
12.76,-0.125333,-0.299554
12.765,-0.187381,-0.423237
12.77,-0.24869,-0.458298
12.775,-0.309017,-0.406416
12.78,-0.368125,-0.334046
12.785,-0.425779,-0.231526
12.79,-0.481754,-0.179082
12.795,-0.535827,-0.297408
12.8,-0.587785,-0.494117
12.805,-0.637424,-0.642025
12.81,-0.684547,-0.785872
12.815,-0.728969,-0.928337
12.82,-0.770513,-0.994753
12.825,-0.809017,-1.014599
12.83,-0.844328,-0.990497
12.835,-0.876307,-0.847677
12.84,-0.904827,-0.682331
12.845,-0.929776,-0.657997
12.85,-0.951057,-0.732902
12.855,-0.968583,-0.830623
12.86,-0.982287,-0.972684
12.865,-0.992115,-1.101744
12.87,-0.998027,-1.160604
12.875,-1,-1.220821
12.88,-0.998027,-1.255251
12.885,-0.992115,-1.137755
12.89,-0.982287,-0.933175
12.895,-0.968583,-0.78442
12.9,-0.951057,-0.694822
12.905,-0.929776,-0.680465
12.91,-0.904827,-0.774736
12.915,-0.876307,-0.867381
12.92,-0.844328,-0.898418
12.925,-0.809017,-0.963366
12.93,-0.770513,-1.033273
12.935,-0.728969,-0.977274
12.94,-0.684547,-0.82137
12.945,-0.637424,-0.630365
12.95,-0.587785,-0.408057
12.955,-0.535827,-0.25961
12.96,-0.481754,-0.263616
12.965,-0.425779,-0.298265
12.97,-0.368125,-0.299908
12.975,-0.309017,-0.352537
12.98,-0.24869,-0.425172
12.985,-0.187381,-0.427405
12.99,-0.125333,-0.376312
12.995,-0.062791,-0.243191
13,0,0.015577
13.005,0.062791,0.255563
13.01,0.125333,0.354985
13.015,0.187381,0.398093
13.02,0.24869,0.423216
13.025,0.309017,0.380295
13.03,0.368125,0.323912
13.035,0.425779,0.289573
13.04,0.481754,0.232708
13.045,0.535827,0.243752
13.05,0.587785,0.426369
13.055,0.637424,0.660768
13.06,0.684547,0.827208
13.065,0.728969,0.951508
13.07,0.770513,1.006969
13.075,0.809017,0.968239
13.08,0.844328,0.928593
13.085,0.876307,0.886475
13.09,0.904827,0.759727
13.095,0.929776,0.64945
13.1,0.951057,0.685195
13.105,0.968583,0.807789
13.11,0.982287,0.961363
13.115,0.992115,1.136777
13.12,0.998027,1.226285
13.125,1,1.198792
13.13,0.998027,1.172072
13.135,0.992115,1.132883
13.14,0.982287,0.985948
13.145,0.968583,0.81002
13.15,0.951057,0.703273
13.155,0.929776,0.655066
13.16,0.904827,0.709631
13.165,0.876307,0.872293
13.17,0.844328,0.98275
13.175,0.809017,0.98383
13.18,0.770513,0.97806
13.185,0.728969,0.945847
13.19,0.684547,0.816473
13.195,0.637424,0.648821
13.2,0.587785,0.468914
13.205,0.535827,0.270593
13.21,0.481754,0.182987
13.215,0.425779,0.261443
13.22,0.368125,0.353904
13.225,0.309017,0.392273
13.23,0.24869,0.427206
13.235,0.187381,0.412684
13.24,0.125333,0.322264
13.245,0.062791,0.2189
13.25,0,0.056842
13.255,-0.062791,-0.203186
13.26,-0.125333,-0.403526
13.265,-0.187381,-0.447583
13.27,-0.24869,-0.424338
13.275,-0.309017,-0.366126
13.28,-0.368125,-0.277858
13.285,-0.425779,-0.255548
13.29,-0.481754,-0.293282
13.295,-0.535827,-0.309358
13.3,-0.587785,-0.387561
13.305,-0.637424,-0.601427
13.31,-0.684547,-0.824099
13.315,-0.728969,-0.967754
13.32,-0.770513,-1.045287
13.325,-0.809017,-1.007943
13.33,-0.844328,-0.882221
13.335,-0.876307,-0.811245
13.34,-0.904827,-0.78505
13.345,-0.929776,-0.717264
13.35,-0.951057,-0.693683
13.355,-0.968583,-0.787832
13.36,-0.982287,-0.929224
13.365,-0.992115,-1.095375
13.37,-0.998027,-1.257614
13.375,-1,-1.279179
13.38,-0.998027,-1.162967
13.385,-0.992115,-1.059364
13.39,-0.982287,-0.968733
13.395,-0.968583,-0.834034
13.4,-0.951057,-0.731762
13.405,-0.929776,-0.694796
13.41,-0.904827,-0.692645
13.415,-0.876307,-0.791542
13.42,-0.844328,-0.9743
13.425,-0.809017,-1.059177
13.43,-0.770513,-1.006767
13.435,-0.728969,-0.918816
13.44,-0.684547,-0.788601
13.445,-0.637424,-0.613088
13.45,-0.587785,-0.473621
13.455,-0.535827,-0.347155
13.46,-0.481754,-0.208748
13.465,-0.425779,-0.18881
13.47,-0.368125,-0.311996
13.475,-0.309017,-0.420005
13.48,-0.24869,-0.457464
13.485,-0.187381,-0.443415
13.49,-0.125333,-0.326768
13.495,-0.062791,-0.150304
13.5,0,-0.015577
13.505,0.062791,0.137931
13.51,0.125333,0.348095
13.515,0.187381,0.472727
13.52,0.24869,0.45942
13.525,0.309017,0.392247
13.53,0.368125,0.287992
13.535,0.425779,0.197501
13.54,0.481754,0.239656
13.545,0.535827,0.363014
13.55,0.587785,0.455309
13.555,0.637424,0.582685
13.56,0.684547,0.782763
13.565,0.728969,0.944583
13.57,0.770513,1.033071
13.575,0.809017,1.054303
13.58,0.844328,0.944125
13.585,0.876307,0.772448
13.59,0.904827,0.707653
13.595,0.929776,0.725811
13.6,0.951057,0.741389
13.605,0.968583,0.810666
13.61,0.982287,0.940545
13.615,0.992115,1.060342
13.62,0.998027,1.191932
13.625,1,1.301208
13.63,0.998027,1.246145
13.635,0.992115,1.064236
13.64,0.982287,0.915959
13.645,0.968583,0.808434
13.65,0.951057,0.723311
13.655,0.929776,0.720196
13.66,0.904827,0.75775
13.665,0.876307,0.786629
13.67,0.844328,0.889969
13.675,0.809017,1.038713
13.68,0.770513,1.06198
13.685,0.728969,0.950243
13.69,0.684547,0.793498
13.695,0.637424,0.594631
13.7,0.587785,0.412764
13.705,0.535827,0.336173
13.71,0.481754,0.289377
13.715,0.425779,0.225631
13.72,0.368125,0.258
13.725,0.309017,0.38027
13.73,0.24869,0.45543
13.735,0.187381,0.458136
13.74,0.125333,0.380816
13.745,0.062791,0.174594
13.75,0,-0.056842
13.755,-0.062791,-0.190309
13.76,-0.125333,-0.299554
13.765,-0.187381,-0.423237
13.77,-0.24869,-0.458298
13.775,-0.309017,-0.406416
13.78,-0.368125,-0.334046
13.785,-0.425779,-0.231526
13.79,-0.481754,-0.179082
13.795,-0.535827,-0.297408
13.8,-0.587785,-0.494117
13.805,-0.637424,-0.642025
13.81,-0.684547,-0.785872
13.815,-0.728969,-0.928337
13.82,-0.770513,-0.994753
13.825,-0.809017,-1.014599
13.83,-0.844328,-0.990497
13.835,-0.876307,-0.847677
13.84,-0.904827,-0.682331
13.845,-0.929776,-0.657997
13.85,-0.951057,-0.732902
13.855,-0.968583,-0.830623
13.86,-0.982287,-0.972684
13.865,-0.992115,-1.101744
13.87,-0.998027,-1.160604
13.875,-1,-1.220821
13.88,-0.998027,-1.255251
13.885,-0.992115,-1.137755
13.89,-0.982287,-0.933175
13.895,-0.968583,-0.78442
13.9,-0.951057,-0.694822
13.905,-0.929776,-0.680465
13.91,-0.904827,-0.774736
13.915,-0.876307,-0.867381
13.92,-0.844328,-0.898418
13.925,-0.809017,-0.963366
13.93,-0.770513,-1.033273
13.935,-0.728969,-0.977274
13.94,-0.684547,-0.82137
13.945,-0.637424,-0.630365
13.95,-0.587785,-0.408057
13.955,-0.535827,-0.25961
13.96,-0.481754,-0.263616
13.965,-0.425779,-0.298265
13.97,-0.368125,-0.299908
13.975,-0.309017,-0.352537
13.98,-0.24869,-0.425172
13.985,-0.187381,-0.427405
13.99,-0.125333,-0.376312
13.995,-0.062791,-0.243191
14,0,0.015577
14.005,0.062791,0.255563
14.01,0.125333,0.354985
14.015,0.187381,0.398093
14.02,0.24869,0.423216
14.025,0.309017,0.380295
14.03,0.368125,0.323912
14.035,0.425779,0.289573
14.04,0.481754,0.232708
14.045,0.535827,0.243752
14.05,0.587785,0.426369
14.055,0.637424,0.660768
14.06,0.684547,0.827208
14.065,0.728969,0.951508
14.07,0.770513,1.006969
14.075,0.809017,0.968239
14.08,0.844328,0.928593
14.085,0.876307,0.886475
14.09,0.904827,0.759727
14.095,0.929776,0.64945
14.1,0.951057,0.685195
14.105,0.968583,0.807789
14.11,0.982287,0.961363
14.115,0.992115,1.136777
14.12,0.998027,1.226285
14.125,1,1.198792
14.13,0.998027,1.172072
14.135,0.992115,1.132883
14.14,0.982287,0.985948
14.145,0.968583,0.81002
14.15,0.951057,0.703273
14.155,0.929776,0.655066
14.16,0.904827,0.709631
14.165,0.876307,0.872293
14.17,0.844328,0.98275
14.175,0.809017,0.98383
14.18,0.770513,0.97806
14.185,0.728969,0.945847
14.19,0.684547,0.816473
14.195,0.637424,0.648821
14.2,0.587785,0.468914
14.205,0.535827,0.270593
14.21,0.481754,0.182987
14.215,0.425779,0.261443
14.22,0.368125,0.353904
14.225,0.309017,0.392273
14.23,0.24869,0.427206
14.235,0.187381,0.412684
14.24,0.125333,0.322264
14.245,0.062791,0.2189
14.25,0,0.056842
14.255,-0.062791,-0.203186
14.26,-0.125333,-0.403526
14.265,-0.187381,-0.447583
14.27,-0.24869,-0.424338
14.275,-0.309017,-0.366126
14.28,-0.368125,-0.277858
14.285,-0.425779,-0.255548
14.29,-0.481754,-0.293282
14.295,-0.535827,-0.309358
14.3,-0.587785,-0.387561
14.305,-0.637424,-0.601427
14.31,-0.684547,-0.824099
14.315,-0.728969,-0.967754
14.32,-0.770513,-1.045287
14.325,-0.809017,-1.007943
14.33,-0.844328,-0.882221
14.335,-0.876307,-0.811245
14.34,-0.904827,-0.78505
14.345,-0.929776,-0.717264
14.35,-0.951057,-0.693683
14.355,-0.968583,-0.787832
14.36,-0.982287,-0.929224
14.365,-0.992115,-1.095375
14.37,-0.998027,-1.257614
14.375,-1,-1.279179
14.38,-0.998027,-1.162967
14.385,-0.992115,-1.059364
14.39,-0.982287,-0.968733
14.395,-0.968583,-0.834034
14.4,-0.951057,-0.731762
14.405,-0.929776,-0.694796
14.41,-0.904827,-0.692645
14.415,-0.876307,-0.791542
14.42,-0.844328,-0.9743
14.425,-0.809017,-1.059177
14.43,-0.770513,-1.006767
14.435,-0.728969,-0.918816
14.44,-0.684547,-0.788601
14.445,-0.637424,-0.613088
14.45,-0.587785,-0.473621
14.455,-0.535827,-0.347155
14.46,-0.481754,-0.208748
14.465,-0.425779,-0.18881
14.47,-0.368125,-0.311996
14.475,-0.309017,-0.420005
14.48,-0.24869,-0.457464
14.485,-0.187381,-0.443415
14.49,-0.125333,-0.326768
14.495,-0.062791,-0.150304
14.5,0,-0.015577
14.505,0.062791,0.137931
14.51,0.125333,0.348095
14.515,0.187381,0.472727
14.52,0.24869,0.45942
14.525,0.309017,0.392247
14.53,0.368125,0.287992
14.535,0.425779,0.197501
14.54,0.481754,0.239656
14.545,0.535827,0.363014
14.55,0.587785,0.455309
14.555,0.637424,0.582685
14.56,0.684547,0.782763
14.565,0.728969,0.944583
14.57,0.770513,1.033071
14.575,0.809017,1.054303
14.58,0.844328,0.944125
14.585,0.876307,0.772448
14.59,0.904827,0.707653
14.595,0.929776,0.725811
14.6,0.951057,0.741389
14.605,0.968583,0.810666
14.61,0.982287,0.940545
14.615,0.992115,1.060342
14.62,0.998027,1.191932
14.625,1,1.301208
14.63,0.998027,1.246145
14.635,0.992115,1.064236
14.64,0.982287,0.915959
14.645,0.968583,0.808434
14.65,0.951057,0.723311
14.655,0.929776,0.720196
14.66,0.904827,0.75775
14.665,0.876307,0.786629
14.67,0.844328,0.889969
14.675,0.809017,1.038713
14.68,0.770513,1.06198
14.685,0.728969,0.950243
14.69,0.684547,0.793498
14.695,0.637424,0.594631
14.7,0.587785,0.412764
14.705,0.535827,0.336173
14.71,0.481754,0.289377
14.715,0.425779,0.225631
14.72,0.368125,0.258
14.725,0.309017,0.38027
14.73,0.24869,0.45543
14.735,0.187381,0.458136
14.74,0.125333,0.380816
14.745,0.062791,0.174594
14.75,0,-0.056842
14.755,-0.062791,-0.190309
14.76,-0.125333,-0.299554
14.765,-0.187381,-0.423237
14.77,-0.24869,-0.458298
14.775,-0.309017,-0.406416
14.78,-0.368125,-0.334046
14.785,-0.425779,-0.231526
14.79,-0.481754,-0.179082
14.795,-0.535827,-0.297408
14.8,-0.587785,-0.494117
14.805,-0.637424,-0.642025
14.81,-0.684547,-0.785872
14.815,-0.728969,-0.928337
14.82,-0.770513,-0.994753
14.825,-0.809017,-1.014599
14.83,-0.844328,-0.990497
14.835,-0.876307,-0.847677
14.84,-0.904827,-0.682331
14.845,-0.929776,-0.657997
14.85,-0.951057,-0.732902
14.855,-0.968583,-0.830623
14.86,-0.982287,-0.972684
14.865,-0.992115,-1.101744
14.87,-0.998027,-1.160604
14.875,-1,-1.220821
14.88,-0.998027,-1.255251
14.885,-0.992115,-1.137755
14.89,-0.982287,-0.933175
14.895,-0.968583,-0.78442
14.9,-0.951057,-0.694822
14.905,-0.929776,-0.680465
14.91,-0.904827,-0.774736
14.915,-0.876307,-0.867381
14.92,-0.844328,-0.898418
14.925,-0.809017,-0.963366
14.93,-0.770513,-1.033273
14.935,-0.728969,-0.977274
14.94,-0.684547,-0.82137
14.945,-0.637424,-0.630365
14.95,-0.587785,-0.408057
14.955,-0.535827,-0.25961
14.96,-0.481754,-0.263616
14.965,-0.425779,-0.298265
14.97,-0.368125,-0.299908
14.975,-0.309017,-0.352537
14.98,-0.24869,-0.425172
14.985,-0.187381,-0.427405
14.99,-0.125333,-0.376312
14.995,-0.062791,-0.243191
15,0,0.015577
15.005,0.062791,0.255563
15.01,0.125333,0.354985
15.015,0.187381,0.398093
15.02,0.24869,0.423216
15.025,0.309017,0.380295
15.03,0.368125,0.323912
15.035,0.425779,0.289573
15.04,0.481754,0.232708
15.045,0.535827,0.243752
15.05,0.587785,0.426369
15.055,0.637424,0.660768
15.06,0.684547,0.827208
15.065,0.728969,0.951508
15.07,0.770513,1.006969
15.075,0.809017,0.968239
15.08,0.844328,0.928593
15.085,0.876307,0.886475
15.09,0.904827,0.759727
15.095,0.929776,0.64945
15.1,0.951057,0.685195
15.105,0.968583,0.807789
15.11,0.982287,0.961363
15.115,0.992115,1.136777
15.12,0.998027,1.226285
15.125,1,1.198792
15.13,0.998027,1.172072
15.135,0.992115,1.132883
15.14,0.982287,0.985948
15.145,0.968583,0.81002
15.15,0.951057,0.703273
15.155,0.929776,0.655066
15.16,0.904827,0.709631
15.165,0.876307,0.872293
15.17,0.844328,0.98275
15.175,0.809017,0.98383
15.18,0.770513,0.97806
15.185,0.728969,0.945847
15.19,0.684547,0.816473
15.195,0.637424,0.648821
15.2,0.587785,0.468914
15.205,0.535827,0.270593
15.21,0.481754,0.182987
15.215,0.425779,0.261443
15.22,0.368125,0.353904
15.225,0.309017,0.392273
15.23,0.24869,0.427206
15.235,0.187381,0.412684
15.24,0.125333,0.322264
15.245,0.062791,0.2189
15.25,0,0.056842
15.255,-0.062791,-0.203186
15.26,-0.125333,-0.403526
15.265,-0.187381,-0.447583
15.27,-0.24869,-0.424338
15.275,-0.309017,-0.366126
15.28,-0.368125,-0.277858
15.285,-0.425779,-0.255548
15.29,-0.481754,-0.293282
15.295,-0.535827,-0.309358
15.3,-0.587785,-0.387561
15.305,-0.637424,-0.601427
15.31,-0.684547,-0.824099
15.315,-0.728969,-0.967754
15.32,-0.770513,-1.045287
15.325,-0.809017,-1.007943
15.33,-0.844328,-0.882221
15.335,-0.876307,-0.811245
15.34,-0.904827,-0.78505
15.345,-0.929776,-0.717264
15.35,-0.951057,-0.693683
15.355,-0.968583,-0.787832
15.36,-0.982287,-0.929224
15.365,-0.992115,-1.095375
15.37,-0.998027,-1.257614
15.375,-1,-1.279179
15.38,-0.998027,-1.162967
15.385,-0.992115,-1.059364
15.39,-0.982287,-0.968733
15.395,-0.968583,-0.834034
15.4,-0.951057,-0.731762
15.405,-0.929776,-0.694796
15.41,-0.904827,-0.692645
15.415,-0.876307,-0.791542
15.42,-0.844328,-0.9743
15.425,-0.809017,-1.059177
15.43,-0.770513,-1.006767
15.435,-0.728969,-0.918816
15.44,-0.684547,-0.788601
15.445,-0.637424,-0.613088
15.45,-0.587785,-0.473621
15.455,-0.535827,-0.347155
15.46,-0.481754,-0.208748
15.465,-0.425779,-0.18881
15.47,-0.368125,-0.311996
15.475,-0.309017,-0.420005
15.48,-0.24869,-0.457464
15.485,-0.187381,-0.443415
15.49,-0.125333,-0.326768
15.495,-0.062791,-0.150304
15.5,0,-0.015577
15.505,0.062791,0.137931
15.51,0.125333,0.348095
15.515,0.187381,0.472727
15.52,0.24869,0.45942
15.525,0.309017,0.392247
15.53,0.368125,0.287992
15.535,0.425779,0.197501
15.54,0.481754,0.239656
15.545,0.535827,0.363014
15.55,0.587785,0.455309
15.555,0.637424,0.582685
15.56,0.684547,0.782763
15.565,0.728969,0.944583
15.57,0.770513,1.033071
15.575,0.809017,1.054303
15.58,0.844328,0.944125
15.585,0.876307,0.772448
15.59,0.904827,0.707653
15.595,0.929776,0.725811
15.6,0.951057,0.741389
15.605,0.968583,0.810666
15.61,0.982287,0.940545
15.615,0.992115,1.060342
15.62,0.998027,1.191932
15.625,1,1.301208
15.63,0.998027,1.246145
15.635,0.992115,1.064236
15.64,0.982287,0.915959
15.645,0.968583,0.808434
15.65,0.951057,0.723311
15.655,0.929776,0.720196
15.66,0.904827,0.75775
15.665,0.876307,0.786629
15.67,0.844328,0.889969
15.675,0.809017,1.038713
15.68,0.770513,1.06198
15.685,0.728969,0.950243
15.69,0.684547,0.793498
15.695,0.637424,0.594631
15.7,0.587785,0.412764
15.705,0.535827,0.336173
15.71,0.481754,0.289377
15.715,0.425779,0.225631
15.72,0.368125,0.258
15.725,0.309017,0.38027
15.73,0.24869,0.45543
15.735,0.187381,0.458136
15.74,0.125333,0.380816
15.745,0.062791,0.174594
15.75,0,-0.056842
15.755,-0.062791,-0.190309
15.76,-0.125333,-0.299554
15.765,-0.187381,-0.423237
15.77,-0.24869,-0.458298
15.775,-0.309017,-0.406416
15.78,-0.368125,-0.334046
15.785,-0.425779,-0.231526
15.79,-0.481754,-0.179082
15.795,-0.535827,-0.297408
15.8,-0.587785,-0.494117
15.805,-0.637424,-0.642025
15.81,-0.684547,-0.785872
15.815,-0.728969,-0.928337
15.82,-0.770513,-0.994753
15.825,-0.809017,-1.014599
15.83,-0.844328,-0.990497
15.835,-0.876307,-0.847677
15.84,-0.904827,-0.682331
15.845,-0.929776,-0.657997
15.85,-0.951057,-0.732902
15.855,-0.968583,-0.830623
15.86,-0.982287,-0.972684
15.865,-0.992115,-1.101744
15.87,-0.998027,-1.160604
15.875,-1,-1.220821
15.88,-0.998027,-1.255251
15.885,-0.992115,-1.137755
15.89,-0.982287,-0.933175
15.895,-0.968583,-0.78442
15.9,-0.951057,-0.694822
15.905,-0.929776,-0.680465
15.91,-0.904827,-0.774736
15.915,-0.876307,-0.867381
15.92,-0.844328,-0.898418
15.925,-0.809017,-0.963366
15.93,-0.770513,-1.033273
15.935,-0.728969,-0.977274
15.94,-0.684547,-0.82137
15.945,-0.637424,-0.630365
15.95,-0.587785,-0.408057
15.955,-0.535827,-0.25961
15.96,-0.481754,-0.263616
15.965,-0.425779,-0.298265
15.97,-0.368125,-0.299908
15.975,-0.309017,-0.352537
15.98,-0.24869,-0.425172
15.985,-0.187381,-0.427405
15.99,-0.125333,-0.376312
15.995,-0.062791,-0.243191
16,0,0.015577
16.005,0.062791,0.255563
16.01,0.125333,0.354985
16.015,0.187381,0.398093
16.02,0.24869,0.423216
16.025,0.309017,0.380295
16.03,0.368125,0.323912
16.035,0.425779,0.289573
16.04,0.481754,0.232708
16.045,0.535827,0.243752
16.05,0.587785,0.426369
16.055,0.637424,0.660768
16.06,0.684547,0.827208
16.065,0.728969,0.951508
16.07,0.770513,1.006969
16.075,0.809017,0.968239
16.08,0.844328,0.928593
16.085,0.876307,0.886475
16.09,0.904827,0.759727
16.095,0.929776,0.64945
16.1,0.951057,0.685195
16.105,0.968583,0.807789
16.11,0.982287,0.961363
16.115,0.992115,1.136777
16.12,0.998027,1.226285
16.125,1,1.198792
16.13,0.998027,1.172072
16.135,0.992115,1.132883
16.14,0.982287,0.985948
16.145,0.968583,0.81002
16.15,0.951057,0.703273
16.155,0.929776,0.655066
16.16,0.904827,0.709631
16.165,0.876307,0.872293
16.17,0.844328,0.98275
16.175,0.809017,0.98383
16.18,0.770513,0.97806
16.185,0.728969,0.945847
16.19,0.684547,0.816473
16.195,0.637424,0.648821
16.2,0.587785,0.468914
16.205,0.535827,0.270593
16.21,0.481754,0.182987
16.215,0.425779,0.261443
16.22,0.368125,0.353904
16.225,0.309017,0.392273
16.23,0.24869,0.427206
16.235,0.187381,0.412684
16.24,0.125333,0.322264
16.245,0.062791,0.2189
16.25,0,0.056842
16.255,-0.062791,-0.203186
16.26,-0.125333,-0.403526
16.265,-0.187381,-0.447583
16.27,-0.24869,-0.424338
16.275,-0.309017,-0.366126
16.28,-0.368125,-0.277858
16.285,-0.425779,-0.255548
16.29,-0.481754,-0.293282
16.295,-0.535827,-0.309358
16.3,-0.587785,-0.387561
16.305,-0.637424,-0.601427
16.31,-0.684547,-0.824099
16.315,-0.728969,-0.967754
16.32,-0.770513,-1.045287
16.325,-0.809017,-1.007943
16.33,-0.844328,-0.882221
16.335,-0.876307,-0.811245
16.34,-0.904827,-0.78505
16.345,-0.929776,-0.717264
16.35,-0.951057,-0.693683
16.355,-0.968583,-0.787832
16.36,-0.982287,-0.929224
16.365,-0.992115,-1.095375
16.37,-0.998027,-1.257614
16.375,-1,-1.279179
16.38,-0.998027,-1.162967
16.385,-0.992115,-1.059364
16.39,-0.982287,-0.968733
16.395,-0.968583,-0.834034
16.4,-0.951057,-0.731762
16.405,-0.929776,-0.694796
16.41,-0.904827,-0.692645
16.415,-0.876307,-0.791542
16.42,-0.844328,-0.9743
16.425,-0.809017,-1.059177
16.43,-0.770513,-1.006767
16.435,-0.728969,-0.918816
16.44,-0.684547,-0.788601
16.445,-0.637424,-0.613088
16.45,-0.587785,-0.473621
16.455,-0.535827,-0.347155
16.46,-0.481754,-0.208748
16.465,-0.425779,-0.18881
16.47,-0.368125,-0.311996
16.475,-0.309017,-0.420005
16.48,-0.24869,-0.457464
16.485,-0.187381,-0.443415
16.49,-0.125333,-0.326768
16.495,-0.062791,-0.150304
16.5,0,-0.015577
16.505,0.062791,0.137931
16.51,0.125333,0.348095
16.515,0.187381,0.472727
16.52,0.24869,0.45942
16.525,0.309017,0.392247
16.53,0.368125,0.287992
16.535,0.425779,0.197501
16.54,0.481754,0.239656
16.545,0.535827,0.363014
16.55,0.587785,0.455309
16.555,0.637424,0.582685
16.56,0.684547,0.782763
16.565,0.728969,0.944583
16.57,0.770513,1.033071
16.575,0.809017,1.054303
16.58,0.844328,0.944125
16.585,0.876307,0.772448
16.59,0.904827,0.707653
16.595,0.929776,0.725811
16.6,0.951057,0.741389
16.605,0.968583,0.810666
16.61,0.982287,0.940545
16.615,0.992115,1.060342
16.62,0.998027,1.191932
16.625,1,1.301208
16.63,0.998027,1.246145
16.635,0.992115,1.064236
16.64,0.982287,0.915959
16.645,0.968583,0.808434
16.65,0.951057,0.723311
16.655,0.929776,0.720196
16.66,0.904827,0.75775
16.665,0.876307,0.786629
16.67,0.844328,0.889969
16.675,0.809017,1.038713
16.68,0.770513,1.06198
16.685,0.728969,0.950243
16.69,0.684547,0.793498
16.695,0.637424,0.594631
16.7,0.587785,0.412764
16.705,0.535827,0.336173
16.71,0.481754,0.289377
16.715,0.425779,0.225631
16.72,0.368125,0.258
16.725,0.309017,0.38027
16.73,0.24869,0.45543
16.735,0.187381,0.458136
16.74,0.125333,0.380816
16.745,0.062791,0.174594
16.75,0,-0.056842
16.755,-0.062791,-0.190309
16.76,-0.125333,-0.299554
16.765,-0.187381,-0.423237
16.77,-0.24869,-0.458298
16.775,-0.309017,-0.406416
16.78,-0.368125,-0.334046
16.785,-0.425779,-0.231526
16.79,-0.481754,-0.179082
16.795,-0.535827,-0.297408
16.8,-0.587785,-0.494117
16.805,-0.637424,-0.642025
16.81,-0.684547,-0.785872
16.815,-0.728969,-0.928337
16.82,-0.770513,-0.994753
16.825,-0.809017,-1.014599
16.83,-0.844328,-0.990497
16.835,-0.876307,-0.847677
16.84,-0.904827,-0.682331
16.845,-0.929776,-0.657997
16.85,-0.951057,-0.732902
16.855,-0.968583,-0.830623
16.86,-0.982287,-0.972684
16.865,-0.992115,-1.101744
16.87,-0.998027,-1.160604
16.875,-1,-1.220821
16.88,-0.998027,-1.255251
16.885,-0.992115,-1.137755
16.89,-0.982287,-0.933175
16.895,-0.968583,-0.78442
16.9,-0.951057,-0.694822
16.905,-0.929776,-0.680465
16.91,-0.904827,-0.774736
16.915,-0.876307,-0.867381
16.92,-0.844328,-0.898418
16.925,-0.809017,-0.963366
16.93,-0.770513,-1.033273
16.935,-0.728969,-0.977274
16.94,-0.684547,-0.82137
16.945,-0.637424,-0.630365
16.95,-0.587785,-0.408057
16.955,-0.535827,-0.25961
16.96,-0.481754,-0.263616
16.965,-0.425779,-0.298265
16.97,-0.368125,-0.299908
16.975,-0.309017,-0.352537
16.98,-0.24869,-0.425172
16.985,-0.187381,-0.427405
16.99,-0.125333,-0.376312
16.995,-0.062791,-0.243191
17,0,0.015577
17.005,0.062791,0.255563
17.01,0.125333,0.354985
17.015,0.187381,0.398093
17.02,0.24869,0.423216
17.025,0.309017,0.380295
17.03,0.368125,0.323912
17.035,0.425779,0.289573
17.04,0.481754,0.232708
17.045,0.535827,0.243752
17.05,0.587785,0.426369
17.055,0.637424,0.660768
17.06,0.684547,0.827208
17.065,0.728969,0.951508
17.07,0.770513,1.006969
17.075,0.809017,0.968239
17.08,0.844328,0.928593
17.085,0.876307,0.886475
17.09,0.904827,0.759727
17.095,0.929776,0.64945
17.1,0.951057,0.685195
17.105,0.968583,0.807789
17.11,0.982287,0.961363
17.115,0.992115,1.136777
17.12,0.998027,1.226285
17.125,1,1.198792
17.13,0.998027,1.172072
17.135,0.992115,1.132883
17.14,0.982287,0.985948
17.145,0.968583,0.81002
17.15,0.951057,0.703273
17.155,0.929776,0.655066
17.16,0.904827,0.709631
17.165,0.876307,0.872293
17.17,0.844328,0.98275
17.175,0.809017,0.98383
17.18,0.770513,0.97806
17.185,0.728969,0.945847
17.19,0.684547,0.816473
17.195,0.637424,0.648821
17.2,0.587785,0.468914
17.205,0.535827,0.270593
17.21,0.481754,0.182987
17.215,0.425779,0.261443
17.22,0.368125,0.353904
17.225,0.309017,0.392273
17.23,0.24869,0.427206
17.235,0.187381,0.412684
17.24,0.125333,0.322264
17.245,0.062791,0.2189
17.25,0,0.056842
17.255,-0.062791,-0.203186
17.26,-0.125333,-0.403526
17.265,-0.187381,-0.447583
17.27,-0.24869,-0.424338
17.275,-0.309017,-0.366126
17.28,-0.368125,-0.277858
17.285,-0.425779,-0.255548
17.29,-0.481754,-0.293282
17.295,-0.535827,-0.309358
17.3,-0.587785,-0.387561
17.305,-0.637424,-0.601427
17.31,-0.684547,-0.824099
17.315,-0.728969,-0.967754
17.32,-0.770513,-1.045287
17.325,-0.809017,-1.007943
17.33,-0.844328,-0.882221
17.335,-0.876307,-0.811245
17.34,-0.904827,-0.78505
17.345,-0.929776,-0.717264
17.35,-0.951057,-0.693683
17.355,-0.968583,-0.787832
17.36,-0.982287,-0.929224
17.365,-0.992115,-1.095375
17.37,-0.998027,-1.257614
17.375,-1,-1.279179
17.38,-0.998027,-1.162967
17.385,-0.992115,-1.059364
17.39,-0.982287,-0.968733
17.395,-0.968583,-0.834034
17.4,-0.951057,-0.731762
17.405,-0.929776,-0.694796
17.41,-0.904827,-0.692645
17.415,-0.876307,-0.791542
17.42,-0.844328,-0.9743
17.425,-0.809017,-1.059177
17.43,-0.770513,-1.006767
17.435,-0.728969,-0.918816
17.44,-0.684547,-0.788601
17.445,-0.637424,-0.613088
17.45,-0.587785,-0.473621
17.455,-0.535827,-0.347155
17.46,-0.481754,-0.208748
17.465,-0.425779,-0.18881
17.47,-0.368125,-0.311996
17.475,-0.309017,-0.420005
17.48,-0.24869,-0.457464
17.485,-0.187381,-0.443415
17.49,-0.125333,-0.326768
17.495,-0.062791,-0.150304
17.5,0,-0.015577
17.505,0.062791,0.137931
17.51,0.125333,0.348095
17.515,0.187381,0.472727
17.52,0.24869,0.45942
17.525,0.309017,0.392247
17.53,0.368125,0.287992
17.535,0.425779,0.197501
17.54,0.481754,0.239656
17.545,0.535827,0.363014
17.55,0.587785,0.455309
17.555,0.637424,0.582685
17.56,0.684547,0.782763
17.565,0.728969,0.944583
17.57,0.770513,1.033071
17.575,0.809017,1.054303
17.58,0.844328,0.944125
17.585,0.876307,0.772448
17.59,0.904827,0.707653
17.595,0.929776,0.725811
17.6,0.951057,0.741389
17.605,0.968583,0.810666
17.61,0.982287,0.940545
17.615,0.992115,1.060342
17.62,0.998027,1.191932
17.625,1,1.301208
17.63,0.998027,1.246145
17.635,0.992115,1.064236
17.64,0.982287,0.915959
17.645,0.968583,0.808434
17.65,0.951057,0.723311
17.655,0.929776,0.720196
17.66,0.904827,0.75775
17.665,0.876307,0.786629
17.67,0.844328,0.889969
17.675,0.809017,1.038713
17.68,0.770513,1.06198
17.685,0.728969,0.950243
17.69,0.684547,0.793498
17.695,0.637424,0.594631
17.7,0.587785,0.412764
17.705,0.535827,0.336173
17.71,0.481754,0.289377
17.715,0.425779,0.225631
17.72,0.368125,0.258
17.725,0.309017,0.38027
17.73,0.24869,0.45543
17.735,0.187381,0.458136
17.74,0.125333,0.380816
17.745,0.062791,0.174594
17.75,0,-0.056842
17.755,-0.062791,-0.190309
17.76,-0.125333,-0.299554
17.765,-0.187381,-0.423237
17.77,-0.24869,-0.458298
17.775,-0.309017,-0.406416
17.78,-0.368125,-0.334046
17.785,-0.425779,-0.231526
17.79,-0.481754,-0.179082
17.795,-0.535827,-0.297408
17.8,-0.587785,-0.494117
17.805,-0.637424,-0.642025
17.81,-0.684547,-0.785872
17.815,-0.728969,-0.928337
17.82,-0.770513,-0.994753
17.825,-0.809017,-1.014599
17.83,-0.844328,-0.990497
17.835,-0.876307,-0.847677
17.84,-0.904827,-0.682331
17.845,-0.929776,-0.657997
17.85,-0.951057,-0.732902
17.855,-0.968583,-0.830623
17.86,-0.982287,-0.972684
17.865,-0.992115,-1.101744
17.87,-0.998027,-1.160604
17.875,-1,-1.220821
17.88,-0.998027,-1.255251
17.885,-0.992115,-1.137755
17.89,-0.982287,-0.933175
17.895,-0.968583,-0.78442
17.9,-0.951057,-0.694822
17.905,-0.929776,-0.680465
17.91,-0.904827,-0.774736
17.915,-0.876307,-0.867381
17.92,-0.844328,-0.898418
17.925,-0.809017,-0.963366
17.93,-0.770513,-1.033273
17.935,-0.728969,-0.977274
17.94,-0.684547,-0.82137
17.945,-0.637424,-0.630365
17.95,-0.587785,-0.408057
17.955,-0.535827,-0.25961
17.96,-0.481754,-0.263616
17.965,-0.425779,-0.298265
17.97,-0.368125,-0.299908
17.975,-0.309017,-0.352537
17.98,-0.24869,-0.425172
17.985,-0.187381,-0.427405
17.99,-0.125333,-0.376312
17.995,-0.062791,-0.243191
18,0,0.015577
18.005,0.062791,0.255563
18.01,0.125333,0.354985
18.015,0.187381,0.398093
18.02,0.24869,0.423216
18.025,0.309017,0.380295
18.03,0.368125,0.323912
18.035,0.425779,0.289573
18.04,0.481754,0.232708
18.045,0.535827,0.243752
18.05,0.587785,0.426369
18.055,0.637424,0.660768
18.06,0.684547,0.827208
18.065,0.728969,0.951508
18.07,0.770513,1.006969
18.075,0.809017,0.968239
18.08,0.844328,0.928593
18.085,0.876307,0.886475
18.09,0.904827,0.759727
18.095,0.929776,0.64945
18.1,0.951057,0.685195
18.105,0.968583,0.807789
18.11,0.982287,0.961363
18.115,0.992115,1.136777
18.12,0.998027,1.226285
18.125,1,1.198792
18.13,0.998027,1.172072
18.135,0.992115,1.132883
18.14,0.982287,0.985948
18.145,0.968583,0.81002
18.15,0.951057,0.703273
18.155,0.929776,0.655066
18.16,0.904827,0.709631
18.165,0.876307,0.872293
18.17,0.844328,0.98275
18.175,0.809017,0.98383
18.18,0.770513,0.97806
18.185,0.728969,0.945847
18.19,0.684547,0.816473
18.195,0.637424,0.648821
18.2,0.587785,0.468914
18.205,0.535827,0.270593
18.21,0.481754,0.182987
18.215,0.425779,0.261443
18.22,0.368125,0.353904
18.225,0.309017,0.392273
18.23,0.24869,0.427206
18.235,0.187381,0.412684
18.24,0.125333,0.322264
18.245,0.062791,0.2189
18.25,0,0.056842
18.255,-0.062791,-0.203186
18.26,-0.125333,-0.403526
18.265,-0.187381,-0.447583
18.27,-0.24869,-0.424338
18.275,-0.309017,-0.366126
18.28,-0.368125,-0.277858
18.285,-0.425779,-0.255548
18.29,-0.481754,-0.293282
18.295,-0.535827,-0.309358
18.3,-0.587785,-0.387561
18.305,-0.637424,-0.601427
18.31,-0.684547,-0.824099
18.315,-0.728969,-0.967754
18.32,-0.770513,-1.045287
18.325,-0.809017,-1.007943
18.33,-0.844328,-0.882221
18.335,-0.876307,-0.811245
18.34,-0.904827,-0.78505
18.345,-0.929776,-0.717264
18.35,-0.951057,-0.693683
18.355,-0.968583,-0.787832
18.36,-0.982287,-0.929224
18.365,-0.992115,-1.095375
18.37,-0.998027,-1.257614
18.375,-1,-1.279179
18.38,-0.998027,-1.162967
18.385,-0.992115,-1.059364
18.39,-0.982287,-0.968733
18.395,-0.968583,-0.834034
18.4,-0.951057,-0.731762
18.405,-0.929776,-0.694796
18.41,-0.904827,-0.692645
18.415,-0.876307,-0.791542
18.42,-0.844328,-0.9743
18.425,-0.809017,-1.059177
18.43,-0.770513,-1.006767
18.435,-0.728969,-0.918816
18.44,-0.684547,-0.788601
18.445,-0.637424,-0.613088
18.45,-0.587785,-0.473621
18.455,-0.535827,-0.347155
18.46,-0.481754,-0.208748
18.465,-0.425779,-0.18881
18.47,-0.368125,-0.311996
18.475,-0.309017,-0.420005
18.48,-0.24869,-0.457464
18.485,-0.187381,-0.443415
18.49,-0.125333,-0.326768
18.495,-0.062791,-0.150304
18.5,0,-0.015577
18.505,0.062791,0.137931
18.51,0.125333,0.348095
18.515,0.187381,0.472727
18.52,0.24869,0.45942
18.525,0.309017,0.392247
18.53,0.368125,0.287992
18.535,0.425779,0.197501
18.54,0.481754,0.239656
18.545,0.535827,0.363014
18.55,0.587785,0.455309
18.555,0.637424,0.582685
18.56,0.684547,0.782763
18.565,0.728969,0.944583
18.57,0.770513,1.033071
18.575,0.809017,1.054303
18.58,0.844328,0.944125
18.585,0.876307,0.772448
18.59,0.904827,0.707653
18.595,0.929776,0.725811
18.6,0.951057,0.741389
18.605,0.968583,0.810666
18.61,0.982287,0.940545
18.615,0.992115,1.060342
18.62,0.998027,1.191932
18.625,1,1.301208
18.63,0.998027,1.246145
18.635,0.992115,1.064236
18.64,0.982287,0.915959
18.645,0.968583,0.808434
18.65,0.951057,0.723311
18.655,0.929776,0.720196
18.66,0.904827,0.75775
18.665,0.876307,0.786629
18.67,0.844328,0.889969
18.675,0.809017,1.038713
18.68,0.770513,1.06198
18.685,0.728969,0.950243
18.69,0.684547,0.793498
18.695,0.637424,0.594631
18.7,0.587785,0.412764
18.705,0.535827,0.336173
18.71,0.481754,0.289377
18.715,0.425779,0.225631
18.72,0.368125,0.258
18.725,0.309017,0.38027
18.73,0.24869,0.45543
18.735,0.187381,0.458136
18.74,0.125333,0.380816
18.745,0.062791,0.174594
18.75,0,-0.056842
18.755,-0.062791,-0.190309
18.76,-0.125333,-0.299554
18.765,-0.187381,-0.423237
18.77,-0.24869,-0.458298
18.775,-0.309017,-0.406416
18.78,-0.368125,-0.334046
18.785,-0.425779,-0.231526
18.79,-0.481754,-0.179082
18.795,-0.535827,-0.297408
18.8,-0.587785,-0.494117
18.805,-0.637424,-0.642025
18.81,-0.684547,-0.785872
18.815,-0.728969,-0.928337
18.82,-0.770513,-0.994753
18.825,-0.809017,-1.014599
18.83,-0.844328,-0.990497
18.835,-0.876307,-0.847677
18.84,-0.904827,-0.682331
18.845,-0.929776,-0.657997
18.85,-0.951057,-0.732902
18.855,-0.968583,-0.830623
18.86,-0.982287,-0.972684
18.865,-0.992115,-1.101744
18.87,-0.998027,-1.160604
18.875,-1,-1.220821
18.88,-0.998027,-1.255251
18.885,-0.992115,-1.137755
18.89,-0.982287,-0.933175
18.895,-0.968583,-0.78442
18.9,-0.951057,-0.694822
18.905,-0.929776,-0.680465
18.91,-0.904827,-0.774736
18.915,-0.876307,-0.867381
18.92,-0.844328,-0.898418
18.925,-0.809017,-0.963366
18.93,-0.770513,-1.033273
18.935,-0.728969,-0.977274
18.94,-0.684547,-0.82137
18.945,-0.637424,-0.630365
18.95,-0.587785,-0.408057
18.955,-0.535827,-0.25961
18.96,-0.481754,-0.263616
18.965,-0.425779,-0.298265
18.97,-0.368125,-0.299908
18.975,-0.309017,-0.352537
18.98,-0.24869,-0.425172
18.985,-0.187381,-0.427405
18.99,-0.125333,-0.376312
18.995,-0.062791,-0.243191
19,0,0.015577
19.005,0.062791,0.255563
19.01,0.125333,0.354985
19.015,0.187381,0.398093
19.02,0.24869,0.423216
19.025,0.309017,0.380295
19.03,0.368125,0.323912
19.035,0.425779,0.289573
19.04,0.481754,0.232708
19.045,0.535827,0.243752
19.05,0.587785,0.426369
19.055,0.637424,0.660768
19.06,0.684547,0.827208
19.065,0.728969,0.951508
19.07,0.770513,1.006969
19.075,0.809017,0.968239
19.08,0.844328,0.928593
19.085,0.876307,0.886475
19.09,0.904827,0.759727
19.095,0.929776,0.64945
19.1,0.951057,0.685195
19.105,0.968583,0.807789
19.11,0.982287,0.961363
19.115,0.992115,1.136777
19.12,0.998027,1.226285
19.125,1,1.198792
19.13,0.998027,1.172072
19.135,0.992115,1.132883
19.14,0.982287,0.985948
19.145,0.968583,0.81002
19.15,0.951057,0.703273
19.155,0.929776,0.655066
19.16,0.904827,0.709631
19.165,0.876307,0.872293
19.17,0.844328,0.98275
19.175,0.809017,0.98383
19.18,0.770513,0.97806
19.185,0.728969,0.945847
19.19,0.684547,0.816473
19.195,0.637424,0.648821
19.2,0.587785,0.468914
19.205,0.535827,0.270593
19.21,0.481754,0.182987
19.215,0.425779,0.261443
19.22,0.368125,0.353904
19.225,0.309017,0.392273
19.23,0.24869,0.427206
19.235,0.187381,0.412684
19.24,0.125333,0.322264
19.245,0.062791,0.2189
19.25,0,0.056842
19.255,-0.062791,-0.203186
19.26,-0.125333,-0.403526
19.265,-0.187381,-0.447583
19.27,-0.24869,-0.424338
19.275,-0.309017,-0.366126
19.28,-0.368125,-0.277858
19.285,-0.425779,-0.255548
19.29,-0.481754,-0.293282
19.295,-0.535827,-0.309358
19.3,-0.587785,-0.387561
19.305,-0.637424,-0.601427
19.31,-0.684547,-0.824099
19.315,-0.728969,-0.967754
19.32,-0.770513,-1.045287
19.325,-0.809017,-1.007943
19.33,-0.844328,-0.882221
19.335,-0.876307,-0.811245
19.34,-0.904827,-0.78505
19.345,-0.929776,-0.717264
19.35,-0.951057,-0.693683
19.355,-0.968583,-0.787832
19.36,-0.982287,-0.929224
19.365,-0.992115,-1.095375
19.37,-0.998027,-1.257614
19.375,-1,-1.279179
19.38,-0.998027,-1.162967
19.385,-0.992115,-1.059364
19.39,-0.982287,-0.968733
19.395,-0.968583,-0.834034
19.4,-0.951057,-0.731762
19.405,-0.929776,-0.694796
19.41,-0.904827,-0.692645
19.415,-0.876307,-0.791542
19.42,-0.844328,-0.9743
19.425,-0.809017,-1.059177
19.43,-0.770513,-1.006767
19.435,-0.728969,-0.918816
19.44,-0.684547,-0.788601
19.445,-0.637424,-0.613088
19.45,-0.587785,-0.473621
19.455,-0.535827,-0.347155
19.46,-0.481754,-0.208748
19.465,-0.425779,-0.18881
19.47,-0.368125,-0.311996
19.475,-0.309017,-0.420005
19.48,-0.24869,-0.457464
19.485,-0.187381,-0.443415
19.49,-0.125333,-0.326768
19.495,-0.062791,-0.150304
19.5,0,-0.015577
19.505,0.062791,0.137931
19.51,0.125333,0.348095
19.515,0.187381,0.472727
19.52,0.24869,0.45942
19.525,0.309017,0.392247
19.53,0.368125,0.287992
19.535,0.425779,0.197501
19.54,0.481754,0.239656
19.545,0.535827,0.363014
19.55,0.587785,0.455309
19.555,0.637424,0.582685
19.56,0.684547,0.782763
19.565,0.728969,0.944583
19.57,0.770513,1.033071
19.575,0.809017,1.054303
19.58,0.844328,0.944125
19.585,0.876307,0.772448
19.59,0.904827,0.707653
19.595,0.929776,0.725811
19.6,0.951057,0.741389
19.605,0.968583,0.810666
19.61,0.982287,0.940545
19.615,0.992115,1.060342
19.62,0.998027,1.191932
19.625,1,1.301208
19.63,0.998027,1.246145
19.635,0.992115,1.064236
19.64,0.982287,0.915959
19.645,0.968583,0.808434
19.65,0.951057,0.723311
19.655,0.929776,0.720196
19.66,0.904827,0.75775
19.665,0.876307,0.786629
19.67,0.844328,0.889969
19.675,0.809017,1.038713
19.68,0.770513,1.06198
19.685,0.728969,0.950243
19.69,0.684547,0.793498
19.695,0.637424,0.594631
19.7,0.587785,0.412764
19.705,0.535827,0.336173
19.71,0.481754,0.289377
19.715,0.425779,0.225631
19.72,0.368125,0.258
19.725,0.309017,0.38027
19.73,0.24869,0.45543
19.735,0.187381,0.458136
19.74,0.125333,0.380816
19.745,0.062791,0.174594
19.75,0,-0.056842
19.755,-0.062791,-0.190309
19.76,-0.125333,-0.299554
19.765,-0.187381,-0.423237
19.77,-0.24869,-0.458298
19.775,-0.309017,-0.406416
19.78,-0.368125,-0.334046
19.785,-0.425779,-0.231526
19.79,-0.481754,-0.179082
19.795,-0.535827,-0.297408
19.8,-0.587785,-0.494117
19.805,-0.637424,-0.642025
19.81,-0.684547,-0.785872
19.815,-0.728969,-0.928337
19.82,-0.770513,-0.994753
19.825,-0.809017,-1.014599
19.83,-0.844328,-0.990497
19.835,-0.876307,-0.847677
19.84,-0.904827,-0.682331
19.845,-0.929776,-0.657997
19.85,-0.951057,-0.732902
19.855,-0.968583,-0.830623
19.86,-0.982287,-0.972684
19.865,-0.992115,-1.101744
19.87,-0.998027,-1.160604
19.875,-1,-1.220821
19.88,-0.998027,-1.255251
19.885,-0.992115,-1.137755
19.89,-0.982287,-0.933175
19.895,-0.968583,-0.78442
19.9,-0.951057,-0.694822
19.905,-0.929776,-0.680465
19.91,-0.904827,-0.774736
19.915,-0.876307,-0.867381
19.92,-0.844328,-0.898418
19.925,-0.809017,-0.963366
19.93,-0.770513,-1.033273
19.935,-0.728969,-0.977274
19.94,-0.684547,-0.82137
19.945,-0.637424,-0.630365
19.95,-0.587785,-0.408057
19.955,-0.535827,-0.25961
19.96,-0.481754,-0.263616
19.965,-0.425779,-0.298265
19.97,-0.368125,-0.299908
19.975,-0.309017,-0.352537
19.98,-0.24869,-0.425172
19.985,-0.187381,-0.427405
19.99,-0.125333,-0.376312
19.995,-0.062791,-0.243191
20,0,0.015577
